case_id,source_path,aoa_deg,re,nu,batch_id,role,status,provenance_decision,dataset_scope,final_time,Cl_mean,Cd_mean,Cm_mean,export_schema_version,mesh_sha256
anchor_aoa_0,snapshots/anchor_aoa_0.npz,0,6000000,8.58000000e-06,batch_000,anchor,usable,usable,certified,10000.0,-0.0013224820842,0.00834286853148,0.000190151201554,openfoam-physical-v2,36a790b0a12256bb1d6b3b97a675567ba3c86a9d6e21b0c97186b2c75df33f6b
anchor_aoa_4,snapshots/anchor_aoa_4.npz,4,6000000,8.58000000e-06,batch_000,anchor,usable,usable,certified,10000.0,0.438037092796,0.0088270661721,0.00173562584516,openfoam-physical-v2,36a790b0a12256bb1d6b3b97a675567ba3c86a9d6e21b0c97186b2c75df33f6b
anchor_aoa_8,snapshots/anchor_aoa_8.npz,8,6000000,8.58000000e-06,batch_000,anchor,usable,usable,certified,10000.0,0.867192616414,0.0110915328964,0.004047990987780001,openfoam-physical-v2,36a790b0a12256bb1d6b3b97a675567ba3c86a9d6e21b0c97186b2c75df33f6b
anchor_aoa_10,snapshots/anchor_aoa_10.npz,10,6000000,8.58000000e-06,batch_000,anchor,review,review,exploratory_review,10000.0,1.07611852222,0.0128162310796,0.005509075736639999,openfoam-physical-v2,36a790b0a12256bb1d6b3b97a675567ba3c86a9d6e21b0c97186b2c75df33f6b
anchor_aoa_12,snapshots/anchor_aoa_12.npz,12,6000000,8.58000000e-06,batch_000,anchor,usable,usable,certified,10000.0,1.27238899416,0.015930749522600002,0.00713592053038,openfoam-physical-v2,36a790b0a12256bb1d6b3b97a675567ba3c86a9d6e21b0c97186b2c75df33f6b
anchor_aoa_14,snapshots/anchor_aoa_14.npz,14,6000000,8.58000000e-06,batch_000,anchor,usable,review,exploratory_review,10000.0,1.4453772534000002,0.020294221933199998,0.0113701564106,openfoam-physical-v2,36a790b0a12256bb1d6b3b97a675567ba3c86a9d6e21b0c97186b2c75df33f6b
anchor_aoa_15,snapshots/anchor_aoa_15.npz,15,6000000,8.58000000e-06,batch_000,anchor,usable,review,exploratory_review,10000.0,1.5282652155999998,0.0229564026818,0.0127402898252,openfoam-physical-v2,36a790b0a12256bb1d6b3b97a675567ba3c86a9d6e21b0c97186b2c75df33f6b
lhs_000,snapshots/lhs_000.npz,-2.69985587516,5609729.72155,9.17691271e-06,batch_001,lhs,usable,usable,certified,10000.0,-0.297302082412,0.00869417837086,-0.00095933357188,openfoam-physical-v2,36a790b0a12256bb1d6b3b97a675567ba3c86a9d6e21b0c97186b2c75df33f6b
lhs_001,snapshots/lhs_001.npz,11.5441733601,8810629.42407,5.84294237e-06,batch_001,lhs,usable,review,exploratory_review,10000.0,1.2307636701000002,0.014096092895400002,0.00702381688008,openfoam-physical-v2,36a790b0a12256bb1d6b3b97a675567ba3c86a9d6e21b0c97186b2c75df33f6b
lhs_002,snapshots/lhs_002.npz,-0.242450350026,4776842.09841,1.07769943e-05,batch_001,lhs,usable,usable,certified,10000.0,-0.027014668845400002,0.008339954128940001,-6.773552169360001e-05,openfoam-physical-v2,36a790b0a12256bb1d6b3b97a675567ba3c86a9d6e21b0c97186b2c75df33f6b
lhs_003,snapshots/lhs_003.npz,15.246014215,3937620.66456,1.30738851e-05,batch_001,lhs,usable,review,exploratory_review,10000.0,1.5161458306200002,0.025071781947399997,0.0170437183082,openfoam-physical-v2,36a790b0a12256bb1d6b3b97a675567ba3c86a9d6e21b0c97186b2c75df33f6b
lhs_004,snapshots/lhs_004.npz,13.4458572319,4105183.67901,1.25402428e-05,batch_001,lhs,review,review,exploratory_review,10000.0,1.36100231304,0.020651928970199997,0.015018805889,openfoam-physical-v2,36a790b0a12256bb1d6b3b97a675567ba3c86a9d6e21b0c97186b2c75df33f6b
lhs_005,snapshots/lhs_005.npz,0.83504579777,6178932.92481,8.33153566e-06,batch_001,lhs,usable,usable,certified,10000.0,0.09202724742940001,0.0081578160985,0.000298578096862,openfoam-physical-v2,36a790b0a12256bb1d6b3b97a675567ba3c86a9d6e21b0c97186b2c75df33f6b
lhs_006,snapshots/lhs_006.npz,9.16872014865,6146475.1365,8.37553213e-06,batch_001,lhs,usable,usable,certified,10000.0,0.9798975072819999,0.012343783245999999,0.00636578984044,openfoam-physical-v2,36a790b0a12256bb1d6b3b97a675567ba3c86a9d6e21b0c97186b2c75df33f6b
lhs_007,snapshots/lhs_007.npz,15.6508351893,6493313.93953,7.92815510e-06,batch_001,lhs,usable,review,exploratory_review,10000.0,1.5819902026199997,0.024301871572000002,0.0137857026154,openfoam-physical-v2,36a790b0a12256bb1d6b3b97a675567ba3c86a9d6e21b0c97186b2c75df33f6b
lhs_008,snapshots/lhs_008.npz,4.55360915309,8025966.97573,6.41418039e-06,batch_001,lhs,usable,review,exploratory_review,10000.0,0.500257934378,0.008711943631500001,0.0017436235425,openfoam-physical-v2,36a790b0a12256bb1d6b3b97a675567ba3c86a9d6e21b0c97186b2c75df33f6b
lhs_009,snapshots/lhs_009.npz,-3.04032140369,7148144.70128,7.20186876e-06,batch_001,lhs,usable,usable,certified,10000.0,-0.33419586002,0.008639693280700002,-0.00122141025494,openfoam-physical-v2,36a790b0a12256bb1d6b3b97a675567ba3c86a9d6e21b0c97186b2c75df33f6b
lhs_010,snapshots/lhs_010.npz,3.83547235581,7033849.49323,7.31889416e-06,batch_001,lhs,usable,usable,certified,10000.0,0.422756341038,0.00876702706698,0.0013001546659,openfoam-physical-v2,36a790b0a12256bb1d6b3b97a675567ba3c86a9d6e21b0c97186b2c75df33f6b
lhs_011,snapshots/lhs_011.npz,3.36698898893,5242600.29006,9.81955464e-06,batch_001,lhs,usable,usable,certified,10000.0,0.3682835556,0.008783823811219999,0.00156029078232,openfoam-physical-v2,36a790b0a12256bb1d6b3b97a675567ba3c86a9d6e21b0c97186b2c75df33f6b
lhs_012,snapshots/lhs_012.npz,6.79602561829,3226732.84625,1.59542182e-05,batch_001,lhs,usable,usable,certified,10000.0,0.733659663206,0.011208803147600001,0.00394060598406,openfoam-physical-v2,36a790b0a12256bb1d6b3b97a675567ba3c86a9d6e21b0c97186b2c75df33f6b
lhs_013,snapshots/lhs_013.npz,12.7949644268,6299182.67509,8.17248882e-06,batch_001,lhs,usable,usable,certified,10000.0,1.3453663642000002,0.0172925848428,0.008604816358260001,openfoam-physical-v2,36a790b0a12256bb1d6b3b97a675567ba3c86a9d6e21b0c97186b2c75df33f6b
lhs_014,snapshots/lhs_014.npz,7.14750915513,5833043.33615,8.82558161e-06,batch_001,lhs,usable,usable,certified,10000.0,0.775525465756,0.0107823826078,0.0036335811828999997,openfoam-physical-v2,36a790b0a12256bb1d6b3b97a675567ba3c86a9d6e21b0c97186b2c75df33f6b
lhs_015,snapshots/lhs_015.npz,14.1756066881,6866978.83661,7.49674656e-06,batch_001,lhs,usable,review,exploratory_review,10000.0,1.46686175394,0.019912047874800002,0.0109961369644,openfoam-physical-v2,36a790b0a12256bb1d6b3b97a675567ba3c86a9d6e21b0c97186b2c75df33f6b
lhs_016,snapshots/lhs_016.npz,1.47367109421,7932471.96168,6.48978027e-06,batch_001,lhs,usable,usable,certified,10000.0,0.163219419388,0.007824685696919999,0.00038321611128599997,openfoam-physical-v2,36a790b0a12256bb1d6b3b97a675567ba3c86a9d6e21b0c97186b2c75df33f6b
lhs_017,snapshots/lhs_017.npz,-0.619791171779,5783889.98216,8.90058424e-06,batch_001,lhs,usable,usable,certified,10000.0,-0.0675684371152,0.008689416355839998,-0.000324175998976,openfoam-physical-v2,36a790b0a12256bb1d6b3b97a675567ba3c86a9d6e21b0c97186b2c75df33f6b
lhs_018,snapshots/lhs_018.npz,10.9689264739,3389855.61288,1.51864875e-05,batch_001,lhs,usable,usable,certified,10000.0,1.1547335825999998,0.0162289388812,0.00793915882218,openfoam-physical-v2,36a790b0a12256bb1d6b3b97a675567ba3c86a9d6e21b0c97186b2c75df33f6b
lhs_019,snapshots/lhs_019.npz,11.2730823518,5502815.36222,9.35521122e-06,batch_001,lhs,usable,usable,certified,10000.0,1.19500294892,0.014842011236800002,0.0077766386461000005,openfoam-physical-v2,36a790b0a12256bb1d6b3b97a675567ba3c86a9d6e21b0c97186b2c75df33f6b
lhs_020,snapshots/lhs_020.npz,-3.42787319028,7628036.19663,6.74878811e-06,batch_001,lhs,usable,usable,certified,10000.0,-0.37624340090999997,0.008640798848280002,-0.0014139252237,openfoam-physical-v2,36a790b0a12256bb1d6b3b97a675567ba3c86a9d6e21b0c97186b2c75df33f6b
lhs_021,snapshots/lhs_021.npz,-1.66181287351,3634431.29505,1.41645269e-05,batch_001,lhs,usable,usable,certified,10000.0,-0.18168642201199997,0.009200140706379999,-0.000766391330586,openfoam-physical-v2,36a790b0a12256bb1d6b3b97a675567ba3c86a9d6e21b0c97186b2c75df33f6b
lhs_022,snapshots/lhs_022.npz,8.56727682649,3862239.17261,1.33290554e-05,batch_001,lhs,usable,usable,certified,10000.0,0.915511164204,0.012589013563,0.00569567596034,openfoam-physical-v2,36a790b0a12256bb1d6b3b97a675567ba3c86a9d6e21b0c97186b2c75df33f6b
lhs_023,snapshots/lhs_023.npz,1.26731768193,8433037.68518,6.10456183e-06,batch_001,lhs,usable,review,exploratory_review,10000.0,0.13981301307400001,0.008070186540800002,0.000435434618254,openfoam-physical-v2,36a790b0a12256bb1d6b3b97a675567ba3c86a9d6e21b0c97186b2c75df33f6b
lhs_024,snapshots/lhs_024.npz,11.1239363635,5610931.3713,9.17494736e-06,batch_001,lhs,usable,usable,certified,10000.0,1.1852958312000001,0.0144044273728,0.00698446824142,openfoam-physical-v2,36a790b0a12256bb1d6b3b97a675567ba3c86a9d6e21b0c97186b2c75df33f6b
lhs_025,snapshots/lhs_025.npz,7.8638768268,7522037.06288,6.84389077e-06,batch_002,lhs,usable,usable,certified,10000.0,0.854171933118,0.010661755853600002,0.00380752739708,openfoam-physical-v2,36a790b0a12256bb1d6b3b97a675567ba3c86a9d6e21b0c97186b2c75df33f6b
lhs_026,snapshots/lhs_026.npz,2.66308583188,7849183.47578,6.55864399e-06,batch_002,lhs,usable,usable,certified,10000.0,0.294090919912,0.00821288516124,0.000869637064108,openfoam-physical-v2,36a790b0a12256bb1d6b3b97a675567ba3c86a9d6e21b0c97186b2c75df33f6b
lhs_027,snapshots/lhs_027.npz,8.19131206635,4516158.82605,1.13990677e-05,batch_002,lhs,usable,usable,certified,10000.0,0.8823267776820001,0.011843173180200001,0.004675809193699999,openfoam-physical-v2,36a790b0a12256bb1d6b3b97a675567ba3c86a9d6e21b0c97186b2c75df33f6b
lhs_028,snapshots/lhs_028.npz,6.62376444082,3004570.54736,1.71338962e-05,batch_002,lhs,usable,usable,certified,10000.0,0.7153548069419998,0.011229516707599998,0.00374467405368,openfoam-physical-v2,36a790b0a12256bb1d6b3b97a675567ba3c86a9d6e21b0c97186b2c75df33f6b
lhs_029,snapshots/lhs_029.npz,3.56230589379,3085961.91178,1.66819946e-05,batch_002,lhs,usable,usable,certified,10000.0,0.38737986479799996,0.0100191395226,0.00185299116374,openfoam-physical-v2,36a790b0a12256bb1d6b3b97a675567ba3c86a9d6e21b0c97186b2c75df33f6b
lhs_030,snapshots/lhs_030.npz,4.95224986117,4372851.65281,1.17726381e-05,batch_002,lhs,usable,usable,certified,10000.0,0.5405035263679999,0.00997743848178,0.00231709737374,openfoam-physical-v2,36a790b0a12256bb1d6b3b97a675567ba3c86a9d6e21b0c97186b2c75df33f6b
lhs_031,snapshots/lhs_031.npz,-3.66563310422,3150602.45961,1.63397321e-05,batch_002,lhs,usable,usable,certified,10000.0,-0.39930583626199995,0.009918810407259998,-0.00182088521974,openfoam-physical-v2,36a790b0a12256bb1d6b3b97a675567ba3c86a9d6e21b0c97186b2c75df33f6b
lhs_032,snapshots/lhs_032.npz,14.8581041813,4655539.51084,1.10577947e-05,batch_002,lhs,usable,review,exploratory_review,10000.0,1.51394473618,0.023268499999599998,0.012430243678,openfoam-physical-v2,36a790b0a12256bb1d6b3b97a675567ba3c86a9d6e21b0c97186b2c75df33f6b
lhs_033,snapshots/lhs_033.npz,3.21142737961,3895579.92897,1.32149772e-05,batch_002,lhs,usable,usable,certified,10000.0,0.351411184164,0.009678672944640001,0.00144341439362,openfoam-physical-v2,36a790b0a12256bb1d6b3b97a675567ba3c86a9d6e21b0c97186b2c75df33f6b
lhs_034,snapshots/lhs_034.npz,5.30219675688,3189642.01094,1.61397423e-05,batch_002,lhs,usable,usable,certified,10000.0,0.5764386168640001,0.010254922973799999,0.0026850107852799997,openfoam-physical-v2,36a790b0a12256bb1d6b3b97a675567ba3c86a9d6e21b0c97186b2c75df33f6b
lhs_035,snapshots/lhs_035.npz,8.81207053673,4211396.55599,1.22239735e-05,batch_002,lhs,usable,usable,certified,10000.0,0.944457006404,0.012666196576,0.0054334389596,openfoam-physical-v2,36a790b0a12256bb1d6b3b97a675567ba3c86a9d6e21b0c97186b2c75df33f6b
lhs_036,snapshots/lhs_036.npz,9.95974315741,5367900.55149,9.59034161e-06,batch_002,lhs,review,review,exploratory_review,10000.0,1.0710118726600002,0.013071609933599999,0.00533931440034,openfoam-physical-v2,36a790b0a12256bb1d6b3b97a675567ba3c86a9d6e21b0c97186b2c75df33f6b
lhs_037,snapshots/lhs_037.npz,-1.86137873943,3373027.92381,1.52622514e-05,batch_002,lhs,usable,usable,certified,10000.0,-0.20265702251200002,0.00935804004598,-0.00099251139116,openfoam-physical-v2,36a790b0a12256bb1d6b3b97a675567ba3c86a9d6e21b0c97186b2c75df33f6b
lhs_038,snapshots/lhs_038.npz,9.65388632159,3318431.38089,1.55133538e-05,batch_002,lhs,usable,usable,certified,10000.0,1.02682443492,0.013781167878,0.00661996114486,openfoam-physical-v2,36a790b0a12256bb1d6b3b97a675567ba3c86a9d6e21b0c97186b2c75df33f6b
lhs_039,snapshots/lhs_039.npz,15.394328747,4392370.9151,1.17203217e-05,batch_002,lhs,review,review,exploratory_review,10000.0,1.54870646268,0.024873884633199998,0.014918090253799999,openfoam-physical-v2,36a790b0a12256bb1d6b3b97a675567ba3c86a9d6e21b0c97186b2c75df33f6b
lhs_040,snapshots/lhs_040.npz,13.9347601919,6607637.59333,7.79098419e-06,batch_002,lhs,review,review,exploratory_review,10000.0,1.4097880245599999,0.0208769860262,0.015541713669,openfoam-physical-v2,36a790b0a12256bb1d6b3b97a675567ba3c86a9d6e21b0c97186b2c75df33f6b
lhs_041,snapshots/lhs_041.npz,11.9760572508,4974923.56995,1.03478977e-05,batch_002,lhs,review,review,exploratory_review,10000.0,1.25986056546,0.016979215115800004,0.00789216835774,openfoam-physical-v2,36a790b0a12256bb1d6b3b97a675567ba3c86a9d6e21b0c97186b2c75df33f6b
lhs_042,snapshots/lhs_042.npz,4.3097890654,3522586.57776,1.46142611e-05,batch_002,lhs,usable,usable,certified,10000.0,0.46588402592800005,0.0101605727738,0.00254818440642,openfoam-physical-v2,36a790b0a12256bb1d6b3b97a675567ba3c86a9d6e21b0c97186b2c75df33f6b
lhs_043,snapshots/lhs_043.npz,-0.890548608057,5116362.99635,1.00618349e-05,batch_002,lhs,usable,usable,certified,10000.0,-0.0950047744096,0.00847451220562,-0.0007667645058779999,openfoam-physical-v2,36a790b0a12256bb1d6b3b97a675567ba3c86a9d6e21b0c97186b2c75df33f6b
lhs_044,snapshots/lhs_044.npz,5.64572611356,4266412.05691,1.20663450e-05,batch_002,lhs,usable,usable,certified,10000.0,0.614007235608,0.0099828773686,0.00280422950558,openfoam-physical-v2,36a790b0a12256bb1d6b3b97a675567ba3c86a9d6e21b0c97186b2c75df33f6b
lhs_045,snapshots/lhs_045.npz,12.166634714,8220793.27838,6.26216939e-06,batch_002,lhs,usable,review,exploratory_review,10000.0,1.2864202939,0.015815100507,0.008069238712600001,openfoam-physical-v2,36a790b0a12256bb1d6b3b97a675567ba3c86a9d6e21b0c97186b2c75df33f6b
lhs_046,snapshots/lhs_046.npz,-1.07695713991,7684678.44008,6.69904413e-06,batch_002,lhs,usable,usable,certified,10000.0,-0.11891710475400001,0.00802959428194,-0.00037555424674799996,openfoam-physical-v2,36a790b0a12256bb1d6b3b97a675567ba3c86a9d6e21b0c97186b2c75df33f6b
lhs_047,snapshots/lhs_047.npz,-1.23294996149,4630047.35449,1.11186768e-05,batch_002,lhs,usable,usable,certified,10000.0,-0.13594837439000002,0.008814021496879999,-0.000400568786266,openfoam-physical-v2,36a790b0a12256bb1d6b3b97a675567ba3c86a9d6e21b0c97186b2c75df33f6b
lhs_048,snapshots/lhs_048.npz,2.33985613442,3809738.55441,1.35127383e-05,batch_002,lhs,usable,usable,certified,10000.0,0.257244339884,0.00909409887248,0.000856299480722,openfoam-physical-v2,36a790b0a12256bb1d6b3b97a675567ba3c86a9d6e21b0c97186b2c75df33f6b
lhs_049,snapshots/lhs_049.npz,8.28409052851,5720137.24115,8.99978407e-06,batch_002,lhs,usable,usable,certified,10000.0,0.89162445589,0.0114108992214,0.00482157349178,openfoam-physical-v2,36a790b0a12256bb1d6b3b97a675567ba3c86a9d6e21b0c97186b2c75df33f6b
lhs_050,snapshots/lhs_050.npz,-3.29700590374,7216387.68227,7.13376308e-06,batch_003,lhs,usable,usable,certified,10000.0,-0.36232895727200004,0.00851708781914,-0.00122533898868,openfoam-physical-v2,36a790b0a12256bb1d6b3b97a675567ba3c86a9d6e21b0c97186b2c75df33f6b
lhs_051,snapshots/lhs_051.npz,10.5974547788,3991311.86289,1.28980149e-05,batch_003,lhs,usable,usable,certified,10000.0,1.11924248722,0.0147484799934,0.0078494130697,openfoam-physical-v2,36a790b0a12256bb1d6b3b97a675567ba3c86a9d6e21b0c97186b2c75df33f6b
lhs_052,snapshots/lhs_052.npz,0.231242801373,6457988.02367,7.97152299e-06,batch_003,lhs,usable,usable,certified,10000.0,0.0239719528272,0.008130537734179998,0.000257005201776,openfoam-physical-v2,36a790b0a12256bb1d6b3b97a675567ba3c86a9d6e21b0c97186b2c75df33f6b
lhs_053,snapshots/lhs_053.npz,-0.378458956051,6958072.08785,7.39860113e-06,batch_003,lhs,review,review,exploratory_review,10000.0,-0.0373908379326,0.00794473372478,-1.5254815069754416e-05,openfoam-physical-v2,36a790b0a12256bb1d6b3b97a675567ba3c86a9d6e21b0c97186b2c75df33f6b
lhs_054,snapshots/lhs_054.npz,0.572359277312,6028351.17155,8.53964849e-06,batch_003,lhs,usable,usable,certified,10000.0,0.0624725946168,0.008180754873179999,0.00029061153394599996,openfoam-physical-v2,36a790b0a12256bb1d6b3b97a675567ba3c86a9d6e21b0c97186b2c75df33f6b
lhs_055,snapshots/lhs_055.npz,14.6868265821,3743894.44926,1.37503877e-05,batch_003,lhs,review,review,exploratory_review,10000.0,1.4867833781,0.021809221479000003,0.015539964854199999,openfoam-physical-v2,36a790b0a12256bb1d6b3b97a675567ba3c86a9d6e21b0c97186b2c75df33f6b
lhs_056,snapshots/lhs_056.npz,0.0124009029685,5995727.85598,8.58611352e-06,batch_003,lhs,usable,usable,certified,10000.0,0.00253730428756,0.0084997297939,-0.00017978494389200001,openfoam-physical-v2,36a790b0a12256bb1d6b3b97a675567ba3c86a9d6e21b0c97186b2c75df33f6b
lhs_057,snapshots/lhs_057.npz,15.1371508483,8148903.87353,6.31741407e-06,batch_003,lhs,usable,review,exploratory_review,10000.0,1.54331812146,0.022579858232000004,0.0128999745196,openfoam-physical-v2,36a790b0a12256bb1d6b3b97a675567ba3c86a9d6e21b0c97186b2c75df33f6b
lhs_058,snapshots/lhs_058.npz,7.36982888304,4705030.65369,1.09414803e-05,batch_003,lhs,usable,usable,certified,10000.0,0.7994588680560001,0.0110158148546,0.0037187408519199997,openfoam-physical-v2,36a790b0a12256bb1d6b3b97a675567ba3c86a9d6e21b0c97186b2c75df33f6b
lhs_059,snapshots/lhs_059.npz,7.56910169576,8631253.13784,5.96437147e-06,batch_003,lhs,usable,review,exploratory_review,10000.0,0.8249834500459999,0.0101440725568,0.00340496389932,openfoam-physical-v2,36a790b0a12256bb1d6b3b97a675567ba3c86a9d6e21b0c97186b2c75df33f6b
lhs_060,snapshots/lhs_060.npz,1.94494870938,4321696.20532,1.19119895e-05,batch_003,lhs,usable,usable,certified,10000.0,0.213305645668,0.00897684359382,0.00081605004906,openfoam-physical-v2,36a790b0a12256bb1d6b3b97a675567ba3c86a9d6e21b0c97186b2c75df33f6b
lhs_061,snapshots/lhs_061.npz,-2.3792392676,8326946.66945,6.18233814e-06,batch_003,lhs,usable,review,exploratory_review,10000.0,-0.262898960008,0.00801299734478,-0.0007704631467280001,openfoam-physical-v2,36a790b0a12256bb1d6b3b97a675567ba3c86a9d6e21b0c97186b2c75df33f6b
lhs_062,snapshots/lhs_062.npz,7.63762813553,3129380.48458,1.64505404e-05,batch_003,lhs,usable,usable,certified,10000.0,0.820472340986,0.011842185319400001,0.0046880761056800006,openfoam-physical-v2,36a790b0a12256bb1d6b3b97a675567ba3c86a9d6e21b0c97186b2c75df33f6b
lhs_063,snapshots/lhs_063.npz,-1.54036299036,4844957.27246,1.06254807e-05,batch_003,lhs,review,review,exploratory_review,10000.0,-0.16915573521,0.00863790758518,-0.0007677945680559999,openfoam-physical-v2,36a790b0a12256bb1d6b3b97a675567ba3c86a9d6e21b0c97186b2c75df33f6b
lhs_064,snapshots/lhs_064.npz,2.954267504,4993804.45061,1.03087737e-05,batch_003,lhs,usable,usable,certified,10000.0,0.32490725378199997,0.00905606443848,0.0011091054642600002,openfoam-physical-v2,36a790b0a12256bb1d6b3b97a675567ba3c86a9d6e21b0c97186b2c75df33f6b
lhs_065,snapshots/lhs_065.npz,-3.82185799829,5927061.92286,8.68558498e-06,batch_003,lhs,usable,usable,certified,10000.0,-0.417064971492,0.0090572633887,-0.0018499082924,openfoam-physical-v2,36a790b0a12256bb1d6b3b97a675567ba3c86a9d6e21b0c97186b2c75df33f6b
lhs_066,snapshots/lhs_066.npz,14.4354753584,3485519.1418,1.47696793e-05,batch_003,lhs,usable,review,exploratory_review,10000.0,1.4676576644000001,0.023549602409000003,0.0125884930408,openfoam-physical-v2,36a790b0a12256bb1d6b3b97a675567ba3c86a9d6e21b0c97186b2c75df33f6b
lhs_067,snapshots/lhs_067.npz,13.2082448408,4585734.38708,1.12261190e-05,batch_003,lhs,review,review,exploratory_review,10000.0,1.34820603964,0.0195844909834,0.0138053742304,openfoam-physical-v2,36a790b0a12256bb1d6b3b97a675567ba3c86a9d6e21b0c97186b2c75df33f6b
lhs_068,snapshots/lhs_068.npz,8.93081992557,3776733.05463,1.36308284e-05,batch_003,lhs,usable,usable,certified,10000.0,0.95631226939,0.0126982693078,0.00556667036118,openfoam-physical-v2,36a790b0a12256bb1d6b3b97a675567ba3c86a9d6e21b0c97186b2c75df33f6b
lhs_069,snapshots/lhs_069.npz,10.3843584683,6336964.36532,8.12376353e-06,batch_003,lhs,usable,usable,certified,10000.0,1.10318670814,0.013273047126,0.00795049685898,openfoam-physical-v2,36a790b0a12256bb1d6b3b97a675567ba3c86a9d6e21b0c97186b2c75df33f6b
lhs_070,snapshots/lhs_070.npz,-2.25994412862,5172580.46475,9.95247930e-06,batch_003,lhs,usable,usable,certified,10000.0,-0.248355139676,0.00863890755964,-0.0008553477923999999,openfoam-physical-v2,36a790b0a12256bb1d6b3b97a675567ba3c86a9d6e21b0c97186b2c75df33f6b
lhs_071,snapshots/lhs_071.npz,15.9532186667,7305526.29565,7.04672024e-06,batch_003,lhs,usable,review,exploratory_review,10000.0,1.6091055601200002,0.025259824586999997,0.013725971215,openfoam-physical-v2,36a790b0a12256bb1d6b3b97a675567ba3c86a9d6e21b0c97186b2c75df33f6b
lhs_072,snapshots/lhs_072.npz,1.07808472862,7427772.84892,6.93074506e-06,batch_003,lhs,usable,usable,certified,10000.0,0.11750696828,0.0079995424516,0.0005910557232619999,openfoam-physical-v2,36a790b0a12256bb1d6b3b97a675567ba3c86a9d6e21b0c97186b2c75df33f6b
lhs_073,snapshots/lhs_073.npz,6.28917634129,4166345.57847,1.23561522e-05,batch_003,lhs,usable,usable,certified,10000.0,0.682523308132,0.0103338362224,0.00328917635104,openfoam-physical-v2,36a790b0a12256bb1d6b3b97a675567ba3c86a9d6e21b0c97186b2c75df33f6b
lhs_074,snapshots/lhs_074.npz,5.73158961384,3612621.19074,1.42500410e-05,batch_003,lhs,usable,usable,certified,10000.0,0.62044820258,0.010385084412399999,0.0032698516108,openfoam-physical-v2,36a790b0a12256bb1d6b3b97a675567ba3c86a9d6e21b0c97186b2c75df33f6b
lhs_075,snapshots/lhs_075.npz,6.3713994062,3276021.3536,1.57141833e-05,batch_004,lhs,usable,usable,certified,10000.0,0.6911309871979999,0.0110820957896,0.0033239487200199995,openfoam-physical-v2,36a790b0a12256bb1d6b3b97a675567ba3c86a9d6e21b0c97186b2c75df33f6b
lhs_076,snapshots/lhs_076.npz,4.63403791596,3568283.47458,1.44271049e-05,batch_004,lhs,usable,usable,certified,10000.0,0.5030045416960001,0.010264764246399999,0.0024986599545400003,openfoam-physical-v2,36a790b0a12256bb1d6b3b97a675567ba3c86a9d6e21b0c97186b2c75df33f6b
lhs_077,snapshots/lhs_077.npz,2.02431172584,5429137.07422,9.48216987e-06,batch_004,lhs,usable,usable,certified,10000.0,0.22051975144599997,0.00846151113154,0.0010757984914800001,openfoam-physical-v2,36a790b0a12256bb1d6b3b97a675567ba3c86a9d6e21b0c97186b2c75df33f6b
lhs_078,snapshots/lhs_078.npz,11.8235301567,3044114.47271,1.69113220e-05,batch_004,lhs,usable,usable,certified,10000.0,1.2328452189999999,0.017376440532,0.00969939143286,openfoam-physical-v2,36a790b0a12256bb1d6b3b97a675567ba3c86a9d6e21b0c97186b2c75df33f6b
lhs_079,snapshots/lhs_079.npz,4.10455015026,6726489.55251,7.65332342e-06,batch_004,lhs,usable,usable,certified,10000.0,0.450659846082,0.0088768281738,0.0016300436461399999,openfoam-physical-v2,36a790b0a12256bb1d6b3b97a675567ba3c86a9d6e21b0c97186b2c75df33f6b
lhs_080,snapshots/lhs_080.npz,12.6632801718,8923232.03116,5.76921006e-06,batch_004,lhs,usable,review,exploratory_review,10000.0,1.33272158352,0.0158113214674,0.00931171453804,openfoam-physical-v2,36a790b0a12256bb1d6b3b97a675567ba3c86a9d6e21b0c97186b2c75df33f6b
lhs_081,snapshots/lhs_081.npz,0.480579666974,8720107.36423,5.90359704e-06,batch_004,lhs,usable,review,exploratory_review,10000.0,0.0522680455822,0.0077040449932600005,0.000278533162512,openfoam-physical-v2,36a790b0a12256bb1d6b3b97a675567ba3c86a9d6e21b0c97186b2c75df33f6b
lhs_082,snapshots/lhs_082.npz,13.172954642,5052789.74638,1.01884311e-05,batch_004,lhs,usable,usable,certified,10000.0,1.3734107877,0.018391945378000003,0.00986483614776,openfoam-physical-v2,36a790b0a12256bb1d6b3b97a675567ba3c86a9d6e21b0c97186b2c75df33f6b
lhs_083,snapshots/lhs_083.npz,2.80307985306,3667527.76819,1.40367035e-05,batch_004,lhs,usable,usable,certified,10000.0,0.30646332186400005,0.0094239390219,0.00127957193188,openfoam-physical-v2,36a790b0a12256bb1d6b3b97a675567ba3c86a9d6e21b0c97186b2c75df33f6b
lhs_084,snapshots/lhs_084.npz,13.7467663765,7784721.99955,6.61295291e-06,batch_004,lhs,usable,usable,certified,10000.0,1.4346590622200002,0.018536290334,0.00982241372462,openfoam-physical-v2,36a790b0a12256bb1d6b3b97a675567ba3c86a9d6e21b0c97186b2c75df33f6b
lhs_085,snapshots/lhs_085.npz,9.35122512767,4072720.31382,1.26402002e-05,batch_004,lhs,usable,usable,certified,10000.0,1.00030404262,0.013128362622000001,0.00587088661324,openfoam-physical-v2,36a790b0a12256bb1d6b3b97a675567ba3c86a9d6e21b0c97186b2c75df33f6b
lhs_086,snapshots/lhs_086.npz,1.73005234425,6816320.22708,7.55246207e-06,batch_004,lhs,usable,usable,certified,10000.0,0.18894360488,0.008404653592460001,0.00090649303033,openfoam-physical-v2,36a790b0a12256bb1d6b3b97a675567ba3c86a9d6e21b0c97186b2c75df33f6b
lhs_087,snapshots/lhs_087.npz,12.4724903297,5291689.78852,9.72846143e-06,batch_004,lhs,review,review,exploratory_review,10000.0,1.3039528765800001,0.0179074017584,0.0092059460326,openfoam-physical-v2,36a790b0a12256bb1d6b3b97a675567ba3c86a9d6e21b0c97186b2c75df33f6b
lhs_088,snapshots/lhs_088.npz,10.0988230449,4442299.30852,1.15885933e-05,batch_004,lhs,usable,usable,certified,10000.0,1.0761681237,0.0141995417058,0.005960837645040001,openfoam-physical-v2,36a790b0a12256bb1d6b3b97a675567ba3c86a9d6e21b0c97186b2c75df33f6b
lhs_089,snapshots/lhs_089.npz,5.13490263484,6636263.97502,7.75737677e-06,batch_004,lhs,usable,usable,certified,10000.0,0.561449017072,0.009210580829420001,0.0022600889841400003,openfoam-physical-v2,36a790b0a12256bb1d6b3b97a675567ba3c86a9d6e21b0c97186b2c75df33f6b
lhs_090,snapshots/lhs_090.npz,5.97740389132,4881952.32098,1.05449616e-05,batch_004,lhs,usable,usable,certified,10000.0,0.6501734849320001,0.00984860870014,0.00292797169426,openfoam-physical-v2,36a790b0a12256bb1d6b3b97a675567ba3c86a9d6e21b0c97186b2c75df33f6b
lhs_091,snapshots/lhs_091.npz,10.6763375893,8563970.32111,6.01123055e-06,batch_004,lhs,usable,review,exploratory_review,10000.0,1.14145065588,0.013175764092000001,0.00652974113342,openfoam-physical-v2,36a790b0a12256bb1d6b3b97a675567ba3c86a9d6e21b0c97186b2c75df33f6b
lhs_092,snapshots/lhs_092.npz,-2.81781972583,3428092.4838,1.50170978e-05,batch_004,lhs,usable,usable,certified,10000.0,-0.306974675714,0.00938285054586,-0.0014215446155199998,openfoam-physical-v2,36a790b0a12256bb1d6b3b97a675567ba3c86a9d6e21b0c97186b2c75df33f6b
