case_id,role,batch_id,aoa_deg,re,source_case,snapshot,risk_flag,manual_review,inventory_status,export_status,qc_status,source_run_present,solver_log_end,final_fields_present,force_history_present,source_setup_verified,export_verified,snapshot_sha256,exclusion_decision,exclusion_reviewer,exclusion_evidence,exclusion_notes,decision,reasons
anchor_aoa_0,anchor,batch_000,0,6000000,../aoaVariation/runs/aoa_0,snapshots/anchor_aoa_0.npz,,,external_anchor,usable,usable,true,true,true,true,true,true,f6aa704dd6d82d914dd781c82088225f6a05bf816ee3170f8beac24085c520dd,,,,,usable,
anchor_aoa_10,anchor,batch_000,10,6000000,../aoaVariation/runs/aoa_10,snapshots/anchor_aoa_10.npz,,,external_anchor,review,review,true,true,true,true,true,true,e1673dd89999d70930375f9659b58c0dd53b3252b14563f4a093c6a7f1e35d24,exclude,,qc/parametric_summary.csv,Pending human disposition; automated phase2-v1 warning: Cm drift unavailable or exceeds 5.0%,review,"exclusion record requires decision=exclude plus reviewer, evidence, and notes | export manifest is not usable | QC did not certify usable solver output"
anchor_aoa_12,anchor,batch_000,12,6000000,../aoaVariation/runs/aoa_12,snapshots/anchor_aoa_12.npz,,,external_anchor,usable,usable,true,true,true,true,true,true,28103cd7ebc2eba7d8263c09b4a6364f63453e246078c22124e1b2a062f5172c,,,,,usable,
anchor_aoa_14,anchor,batch_000,14,6000000,../aoaVariation/runs/aoa_14,snapshots/anchor_aoa_14.npz,high_aoa,,external_anchor,usable,usable,true,true,true,true,true,true,2e530ad9e8e4ceab25128f81f5881f49df639312a3c6f70911c31261833c80a4,,,,,review,high-AoA/Re case needs documented physical review
anchor_aoa_15,anchor,batch_000,15,6000000,../aoaVariation/runs/aoa_15,snapshots/anchor_aoa_15.npz,high_aoa,,external_anchor,usable,usable,true,true,true,true,true,true,510b2a4dc90d2ce6f93051fee02ffdc18a41a47aeaf021ba03c5a4ccdcd0e9c9,,,,,review,high-AoA/Re case needs documented physical review
anchor_aoa_4,anchor,batch_000,4,6000000,../aoaVariation/runs/aoa_4,snapshots/anchor_aoa_4.npz,,,external_anchor,usable,usable,true,true,true,true,true,true,1365e9803bd12ceac8c7903219e88989be3288ccd196b8815397b184f138fa59,,,,,usable,
anchor_aoa_8,anchor,batch_000,8,6000000,../aoaVariation/runs/aoa_8,snapshots/anchor_aoa_8.npz,,,external_anchor,usable,usable,true,true,true,true,true,true,180ff9f3e935a27530ea6e114fff43cda77714631a034e29b4dc50f743d4f8ae,,,,,usable,
lhs_000,lhs,batch_001,-2.69985587516,5609729.72155,runs/lhs_000,snapshots/lhs_000.npz,,,not_generated,usable,usable,true,true,true,true,true,true,3baae48181655b4fe763210eb66fa06e260dd6307745379560807c38abba6d9e,,,,,usable,
lhs_001,lhs,batch_001,11.5441733601,8810629.42407,runs/lhs_001,snapshots/lhs_001.npz,high_re,,not_generated,usable,usable,true,true,true,true,true,true,80ae78f446af92278e8aa0a75c9eafbbc224ffd6994f589dc2423769f4664419,,,,,review,high-AoA/Re case needs documented physical review
lhs_002,lhs,batch_001,-0.242450350026,4776842.09841,runs/lhs_002,snapshots/lhs_002.npz,,,not_generated,usable,usable,true,true,true,true,true,true,62015466125a7063fdc2bc6aa1e38b325f96aaeac9d6b89bc1aa77b91f381818,,,,,usable,
lhs_003,lhs,batch_001,15.246014215,3937620.66456,runs/lhs_003,snapshots/lhs_003.npz,high_aoa,,not_generated,usable,usable,true,true,true,true,true,true,6325df241ce472e4f9d10db2675da8cd6a9fab3da9904befa262ea623b6becef,,,,,review,high-AoA/Re case needs documented physical review
lhs_004,lhs,batch_001,13.4458572319,4105183.67901,runs/lhs_004,snapshots/lhs_004.npz,,,not_generated,review,review,true,true,true,true,true,true,0eb0da1cacc34e1fbc4df74d51a7488b860a7b35886ff89480d213d1ab05a768,exclude,,qc/parametric_summary.csv,Pending human disposition; automated phase2-v1 warning: Cm drift unavailable or exceeds 5.0%,review,"exclusion record requires decision=exclude plus reviewer, evidence, and notes | export manifest is not usable | QC did not certify usable solver output"
lhs_005,lhs,batch_001,0.83504579777,6178932.92481,runs/lhs_005,snapshots/lhs_005.npz,,,not_generated,usable,usable,true,true,true,true,true,true,02c597425f917545a97e3629d9f975b542bcbc023b1f48aeb9933c439f169105,,,,,usable,
lhs_006,lhs,batch_001,9.16872014865,6146475.1365,runs/lhs_006,snapshots/lhs_006.npz,,,not_generated,usable,usable,true,true,true,true,true,true,f584f3ccbb47aa2d6d8ea2f41149963bbdd904b768cc68d52ee3260dd504c098,,,,,usable,
lhs_007,lhs,batch_001,15.6508351893,6493313.93953,runs/lhs_007,snapshots/lhs_007.npz,high_aoa,,not_generated,usable,usable,true,true,true,true,true,true,874809a6a314accd46e79a0125faf1645b612e78761063e924032e7ccfabd177,,,,,review,high-AoA/Re case needs documented physical review
lhs_008,lhs,batch_001,4.55360915309,8025966.97573,runs/lhs_008,snapshots/lhs_008.npz,high_re,,not_generated,usable,usable,true,true,true,true,true,true,f5db1c1ee161f350e63413913fc491539ce3e30bbe9e3e1a42694bcc802d678b,,,,,review,high-AoA/Re case needs documented physical review
lhs_009,lhs,batch_001,-3.04032140369,7148144.70128,runs/lhs_009,snapshots/lhs_009.npz,,,not_generated,usable,usable,true,true,true,true,true,true,c69069e05197e5ae76151ead07be0de3d446154e6e7fe4ed15551a347f830267,,,,,usable,
lhs_010,lhs,batch_001,3.83547235581,7033849.49323,runs/lhs_010,snapshots/lhs_010.npz,,,not_generated,usable,usable,true,true,true,true,true,true,bedea55bdbfee934b2e88eb38c671912ccf335153d592fe609ce274d115651a2,,,,,usable,
lhs_011,lhs,batch_001,3.36698898893,5242600.29006,runs/lhs_011,snapshots/lhs_011.npz,,,not_generated,usable,usable,true,true,true,true,true,true,ada687de6051802e108454276916980871af19b295ea41061ef9bd246455004c,,,,,usable,
lhs_012,lhs,batch_001,6.79602561829,3226732.84625,runs/lhs_012,snapshots/lhs_012.npz,,,not_generated,usable,usable,true,true,true,true,true,true,75fce83b94d7aa33d4014feee092890bd1d2a45ba7c2e898b68b461c449f0e4f,,,,,usable,
lhs_013,lhs,batch_001,12.7949644268,6299182.67509,runs/lhs_013,snapshots/lhs_013.npz,,,not_generated,usable,usable,true,true,true,true,true,true,d5c828768ab88ca479de8b5f1820326356e3149472af2c51eb1f471d27c60326,,,,,usable,
lhs_014,lhs,batch_001,7.14750915513,5833043.33615,runs/lhs_014,snapshots/lhs_014.npz,,,not_generated,usable,usable,true,true,true,true,true,true,69843a03e1d78548bdb8d2d67235031b09d38149daf2611ed82b6a497d7579be,,,,,usable,
lhs_015,lhs,batch_001,14.1756066881,6866978.83661,runs/lhs_015,snapshots/lhs_015.npz,high_aoa,,not_generated,usable,usable,true,true,true,true,true,true,d1592ad0632593758bb28d2a4e085b3d2814bcecfc5218691254e91d413c9346,,,,,review,high-AoA/Re case needs documented physical review
lhs_016,lhs,batch_001,1.47367109421,7932471.96168,runs/lhs_016,snapshots/lhs_016.npz,,,not_generated,usable,usable,true,true,true,true,true,true,96958e6c210daedc216e540d083f5e1b172223d579b3e2c73718cd32ad9e0a1b,,,,,usable,
lhs_017,lhs,batch_001,-0.619791171779,5783889.98216,runs/lhs_017,snapshots/lhs_017.npz,,,not_generated,usable,usable,true,true,true,true,true,true,a13ffdd51b4f44e542c3a422b7c928521f2001ded18d701a4080c2908690c253,,,,,usable,
lhs_018,lhs,batch_001,10.9689264739,3389855.61288,runs/lhs_018,snapshots/lhs_018.npz,,,not_generated,usable,usable,true,true,true,true,true,true,c35b28b1fb29bbdabd0c4daca2eb8eacddd7080799ccb746ba712f98cba38850,,,,,usable,
lhs_019,lhs,batch_001,11.2730823518,5502815.36222,runs/lhs_019,snapshots/lhs_019.npz,,,not_generated,usable,usable,true,true,true,true,true,true,0a7c72d2183754c385f0a11999e2817256aa3b18d7d5af38159aebee9f478fa9,,,,,usable,
lhs_020,lhs,batch_001,-3.42787319028,7628036.19663,runs/lhs_020,snapshots/lhs_020.npz,,,not_generated,usable,usable,true,true,true,true,true,true,a188f4349c29a24a4febb2d0c164411d00833e74d3c34d6b438072e1fab5c724,,,,,usable,
lhs_021,lhs,batch_001,-1.66181287351,3634431.29505,runs/lhs_021,snapshots/lhs_021.npz,,,not_generated,usable,usable,true,true,true,true,true,true,0151692d8f9527ab27c45db3577148eed45f6ee655a31560ad0f5ea916720ba7,,,,,usable,
lhs_022,lhs,batch_001,8.56727682649,3862239.17261,runs/lhs_022,snapshots/lhs_022.npz,,,not_generated,usable,usable,true,true,true,true,true,true,cae431e27d592fb738f8d8bd62910e534d6e394bc7c73defd300a4340879ce32,,,,,usable,
lhs_023,lhs,batch_001,1.26731768193,8433037.68518,runs/lhs_023,snapshots/lhs_023.npz,high_re,,not_generated,usable,usable,true,true,true,true,true,true,1f789cb96e6417621a9edb5d720b88316141e83f8ce9402d3476a42aab18f0ba,,,,,review,high-AoA/Re case needs documented physical review
lhs_024,lhs,batch_001,11.1239363635,5610931.3713,runs/lhs_024,snapshots/lhs_024.npz,,,not_generated,usable,usable,true,true,true,true,true,true,9deac0793b661d8ef818c37ab7dbb917eea483b210b38767e4eb57c6c099cd65,,,,,usable,
lhs_025,lhs,batch_002,7.8638768268,7522037.06288,runs/lhs_025,snapshots/lhs_025.npz,,,not_generated,usable,usable,true,true,true,true,true,true,ac2d8b141891658c77ace62ae6f1f4adfe4fa032d9692218cc584258b93f6aa1,,,,,usable,
lhs_026,lhs,batch_002,2.66308583188,7849183.47578,runs/lhs_026,snapshots/lhs_026.npz,,,not_generated,usable,usable,true,true,true,true,true,true,bae432144f3fc888b9d06322b212743372bb338fc9068ff6f1122fd7accba101,,,,,usable,
lhs_027,lhs,batch_002,8.19131206635,4516158.82605,runs/lhs_027,snapshots/lhs_027.npz,,,not_generated,usable,usable,true,true,true,true,true,true,11f1f05840b8868207072c4561dfe9b896a450987d02e6bb2259d4839f102e6b,,,,,usable,
lhs_028,lhs,batch_002,6.62376444082,3004570.54736,runs/lhs_028,snapshots/lhs_028.npz,,,not_generated,usable,usable,true,true,true,true,true,true,28b21a2eb29915e93d68f5de47114e70e9f0d19f257f64efe5ea515469838f1c,,,,,usable,
lhs_029,lhs,batch_002,3.56230589379,3085961.91178,runs/lhs_029,snapshots/lhs_029.npz,,,not_generated,usable,usable,true,true,true,true,true,true,c67816fbbf13e43aa23a8ea3442ef78d72b585d15c4af19ff703b6a88fb590b4,,,,,usable,
lhs_030,lhs,batch_002,4.95224986117,4372851.65281,runs/lhs_030,snapshots/lhs_030.npz,,,not_generated,usable,usable,true,true,true,true,true,true,77a2a0360278222b9e2bd2a3c4812a94df88797a5cc270fd65868dc3f7aaa85a,,,,,usable,
lhs_031,lhs,batch_002,-3.66563310422,3150602.45961,runs/lhs_031,snapshots/lhs_031.npz,,,not_generated,usable,usable,true,true,true,true,true,true,fb11cc3fe2ebc88b10f4f4e5e175d0a04b2d16437a6e8950b249a44a511d9f0d,,,,,usable,
lhs_032,lhs,batch_002,14.8581041813,4655539.51084,runs/lhs_032,snapshots/lhs_032.npz,high_aoa,,not_generated,usable,usable,true,true,true,true,true,true,f1f5bc44e00f0c8f197e94e258c6cd15f32357dcc4ff93acdca506767e37364b,,,,,review,high-AoA/Re case needs documented physical review
lhs_033,lhs,batch_002,3.21142737961,3895579.92897,runs/lhs_033,snapshots/lhs_033.npz,,,not_generated,usable,usable,true,true,true,true,true,true,1e3f51cb62cfd5248b3c66ea7c4ae6cba4b6c89c84267734b8c4a165e5f7ff88,,,,,usable,
lhs_034,lhs,batch_002,5.30219675688,3189642.01094,runs/lhs_034,snapshots/lhs_034.npz,,,not_generated,usable,usable,true,true,true,true,true,true,702fb55f97dcde15330333429b536062d32926b0d45d3f721da50184c685e668,,,,,usable,
lhs_035,lhs,batch_002,8.81207053673,4211396.55599,runs/lhs_035,snapshots/lhs_035.npz,,,not_generated,usable,usable,true,true,true,true,true,true,1cbaa229552973036af38b9902292f324665bf958fe81273d99a3b6066280127,,,,,usable,
lhs_036,lhs,batch_002,9.95974315741,5367900.55149,runs/lhs_036,snapshots/lhs_036.npz,,,not_generated,review,review,true,true,true,true,true,true,e8332b31923f90a95f27efba700a3970df4a4111f788ed55545063b8c7189cd8,exclude,,qc/parametric_summary.csv,Pending human disposition; automated phase2-v1 warning: Cm drift unavailable or exceeds 5.0%,review,"exclusion record requires decision=exclude plus reviewer, evidence, and notes | export manifest is not usable | QC did not certify usable solver output"
lhs_037,lhs,batch_002,-1.86137873943,3373027.92381,runs/lhs_037,snapshots/lhs_037.npz,,,not_generated,usable,usable,true,true,true,true,true,true,62c9cb96a2ea3b0200075a40182bbebe95de1c8510b2e789464f4b7c8d75c77a,,,,,usable,
lhs_038,lhs,batch_002,9.65388632159,3318431.38089,runs/lhs_038,snapshots/lhs_038.npz,,,not_generated,usable,usable,true,true,true,true,true,true,4ac65cf38a2f30e55bdf898bdb787b68a47db3dee66e37e9be078101da1f2131,,,,,usable,
lhs_039,lhs,batch_002,15.394328747,4392370.9151,runs/lhs_039,snapshots/lhs_039.npz,high_aoa,,not_generated,review,review,true,true,true,true,true,true,896b7468f8239316d8eaa5a3e35ca73255bf6ad3c0e1ce65c28377e3c1092b00,exclude,,qc/parametric_summary.csv,Pending human disposition; automated phase2-v1 warning: Cm drift unavailable or exceeds 5.0%,review,"exclusion record requires decision=exclude plus reviewer, evidence, and notes | high-AoA/Re case needs documented physical review | export manifest is not usable | QC did not certify usable solver output"
lhs_040,lhs,batch_002,13.9347601919,6607637.59333,runs/lhs_040,snapshots/lhs_040.npz,,,not_generated,review,review,true,true,true,true,true,true,b81943cbe562d3114afbf5b6933e179fa3252b9094f4aa785a48ca5316c7efcb,exclude,,qc/parametric_summary.csv,Pending human disposition; automated phase2-v1 warning: Cm drift unavailable or exceeds 5.0%,review,"exclusion record requires decision=exclude plus reviewer, evidence, and notes | export manifest is not usable | QC did not certify usable solver output"
lhs_041,lhs,batch_002,11.9760572508,4974923.56995,runs/lhs_041,snapshots/lhs_041.npz,,,not_generated,review,review,true,true,true,true,true,true,9dede243c1c7bc76cf5ed7b183b48307bfd88441f38f7d05455379bb80995b6f,exclude,,qc/parametric_summary.csv,Pending human disposition; automated phase2-v1 warning: Cm drift unavailable or exceeds 5.0%,review,"exclusion record requires decision=exclude plus reviewer, evidence, and notes | export manifest is not usable | QC did not certify usable solver output"
lhs_042,lhs,batch_002,4.3097890654,3522586.57776,runs/lhs_042,snapshots/lhs_042.npz,,,not_generated,usable,usable,true,true,true,true,true,true,fcadd9a90d0f75362207847faed27aa4bde9fc46c0645642cf991ce4ce537dbe,,,,,usable,
lhs_043,lhs,batch_002,-0.890548608057,5116362.99635,runs/lhs_043,snapshots/lhs_043.npz,,,not_generated,usable,usable,true,true,true,true,true,true,043e3479f667c32e241205e0208b0f5eb93e18c0dc0f33a3bc50f1ae21077a1f,,,,,usable,
lhs_044,lhs,batch_002,5.64572611356,4266412.05691,runs/lhs_044,snapshots/lhs_044.npz,,,not_generated,usable,usable,true,true,true,true,true,true,ee336025437757dbf495b4292b6c0a237b35162d0eef385f81fb87af4540781a,,,,,usable,
lhs_045,lhs,batch_002,12.166634714,8220793.27838,runs/lhs_045,snapshots/lhs_045.npz,high_re,,not_generated,usable,usable,true,true,true,true,true,true,e321e999a4b19734d75dbfed955f60256e221a66a1e581dfc3426cca57495224,,,,,review,high-AoA/Re case needs documented physical review
lhs_046,lhs,batch_002,-1.07695713991,7684678.44008,runs/lhs_046,snapshots/lhs_046.npz,,,not_generated,usable,usable,true,true,true,true,true,true,2c962234207cd067fc109cb86091d842303b8437454f976e3e4f81b295f5a03c,,,,,usable,
lhs_047,lhs,batch_002,-1.23294996149,4630047.35449,runs/lhs_047,snapshots/lhs_047.npz,,,not_generated,usable,usable,true,true,true,true,true,true,026cdfafeef7533f78488b671af3053276fbcb6a8afed17fbcfd877143153438,,,,,usable,
lhs_048,lhs,batch_002,2.33985613442,3809738.55441,runs/lhs_048,snapshots/lhs_048.npz,,,not_generated,usable,usable,true,true,true,true,true,true,101b85d3971a21cba488edba139dea1a7f74c79d9e1486818d81ad5b1609d9d1,,,,,usable,
lhs_049,lhs,batch_002,8.28409052851,5720137.24115,runs/lhs_049,snapshots/lhs_049.npz,,,not_generated,usable,usable,true,true,true,true,true,true,8fecc598642172f7680b18f012122e9b86118eac6190bb075db1f1b83a1160c2,,,,,usable,
lhs_050,lhs,batch_003,-3.29700590374,7216387.68227,runs/lhs_050,snapshots/lhs_050.npz,,,not_generated,usable,usable,true,true,true,true,true,true,7d2b135da6cfca5f97952653f8c6418c7dff0e56c9435a191087eeac19d153d2,,,,,usable,
lhs_051,lhs,batch_003,10.5974547788,3991311.86289,runs/lhs_051,snapshots/lhs_051.npz,,,not_generated,usable,usable,true,true,true,true,true,true,f335fd9de8d29ffc023ffa5af81873d8e302ee12b71166d74196045df40b2f28,,,,,usable,
lhs_052,lhs,batch_003,0.231242801373,6457988.02367,runs/lhs_052,snapshots/lhs_052.npz,,,not_generated,usable,usable,true,true,true,true,true,true,d56d848a1bbc117926b0debba1140d3922233e9420c8461fa81e2eb29faee44f,,,,,usable,
lhs_053,lhs,batch_003,-0.378458956051,6958072.08785,runs/lhs_053,snapshots/lhs_053.npz,,,not_generated,review,review,true,true,true,true,true,true,00f594542ae75f3d6e48f60aa190fb27f60f0b72c5cb3918fd63f3b8b7cb29e9,exclude,,qc/parametric_summary.csv,Pending human disposition; automated phase2-v1 warning: Cl drift unavailable or exceeds 2.0% | near-zero Cm absolute drift exceeds 0.0001,review,"exclusion record requires decision=exclude plus reviewer, evidence, and notes | export manifest is not usable | QC did not certify usable solver output"
lhs_054,lhs,batch_003,0.572359277312,6028351.17155,runs/lhs_054,snapshots/lhs_054.npz,,,not_generated,usable,usable,true,true,true,true,true,true,4c3295dad5b17c6bce6c145a3da7ef294a77c615d7a2686b3c796348d574b3a7,,,,,usable,
lhs_055,lhs,batch_003,14.6868265821,3743894.44926,runs/lhs_055,snapshots/lhs_055.npz,high_aoa,,not_generated,review,review,true,true,true,true,true,true,4550102dcf8c39c51b5f5aca29287b89e5b667d1d7d348a89b6945b156772be9,exclude,,qc/parametric_summary.csv,Pending human disposition; automated phase2-v1 warning: Cm drift unavailable or exceeds 5.0%,review,"exclusion record requires decision=exclude plus reviewer, evidence, and notes | high-AoA/Re case needs documented physical review | export manifest is not usable | QC did not certify usable solver output"
lhs_056,lhs,batch_003,0.0124009029685,5995727.85598,runs/lhs_056,snapshots/lhs_056.npz,,,not_generated,usable,usable,true,true,true,true,true,true,97acad71196d249c1be7d45ffd0cbbc80373b337cfe79a0c81ecbf4675e37825,,,,,usable,
lhs_057,lhs,batch_003,15.1371508483,8148903.87353,runs/lhs_057,snapshots/lhs_057.npz,high_aoa+high_re,,not_generated,usable,usable,true,true,true,true,true,true,23ed7961d02b2f19e4d2d0c96d15c9d3ad73f90b77a905eedf07709b75e68147,,,,,review,high-AoA/Re case needs documented physical review
lhs_058,lhs,batch_003,7.36982888304,4705030.65369,runs/lhs_058,snapshots/lhs_058.npz,,,not_generated,usable,usable,true,true,true,true,true,true,1e5082fd8da13fc2bb5f421aba92dd73bca46ad78e946f4e3e7070877c7580eb,,,,,usable,
lhs_059,lhs,batch_003,7.56910169576,8631253.13784,runs/lhs_059,snapshots/lhs_059.npz,high_re,,not_generated,usable,usable,true,true,true,true,true,true,435bba5d3fb6b1c3d7841b48318ba654f3c7467c041b86ea64d9c0da5429f4d7,,,,,review,high-AoA/Re case needs documented physical review
lhs_060,lhs,batch_003,1.94494870938,4321696.20532,runs/lhs_060,snapshots/lhs_060.npz,,,not_generated,usable,usable,true,true,true,true,true,true,896e464f9ae9939d8373fc89a61a7638b132fa2be25cb5bc65c2b60b50502ca1,,,,,usable,
lhs_061,lhs,batch_003,-2.3792392676,8326946.66945,runs/lhs_061,snapshots/lhs_061.npz,high_re,,not_generated,usable,usable,true,true,true,true,true,true,38aee000fc588b77b9235f8189bb7fee9986c4de65901a198aea5cb903903943,,,,,review,high-AoA/Re case needs documented physical review
lhs_062,lhs,batch_003,7.63762813553,3129380.48458,runs/lhs_062,snapshots/lhs_062.npz,,,not_generated,usable,usable,true,true,true,true,true,true,27744c18b86942999a0d8f6b332092e4b2e529f26ee38e0adfb7cb8f12b1a8c9,,,,,usable,
lhs_063,lhs,batch_003,-1.54036299036,4844957.27246,runs/lhs_063,snapshots/lhs_063.npz,,,not_generated,review,review,true,true,true,true,true,true,5bcb7cfb2b59f18c9f17ae72da2bd465edd04d229005b9df309a6ad25e3c8914,exclude,,qc/parametric_summary.csv,Pending human disposition; automated phase2-v1 warning: near-zero Cm absolute drift exceeds 0.0001,review,"exclusion record requires decision=exclude plus reviewer, evidence, and notes | export manifest is not usable | QC did not certify usable solver output"
lhs_064,lhs,batch_003,2.954267504,4993804.45061,runs/lhs_064,snapshots/lhs_064.npz,,,not_generated,usable,usable,true,true,true,true,true,true,39b4b6f217763b4e0f0ca2614f01ee35f4e263f2c0c111f9323325bb08327a82,,,,,usable,
lhs_065,lhs,batch_003,-3.82185799829,5927061.92286,runs/lhs_065,snapshots/lhs_065.npz,,,not_generated,usable,usable,true,true,true,true,true,true,38f93498a5310d148f68b5b4e3c4d799c4a73ceb7e675a655e1b554ad5012002,,,,,usable,
lhs_066,lhs,batch_003,14.4354753584,3485519.1418,runs/lhs_066,snapshots/lhs_066.npz,high_aoa,,not_generated,usable,usable,true,true,true,true,true,true,3b8fbe4c3ae511ad6f7b47e4dbb34c52e246ddd424182886bd10c91cea0c996c,,,,,review,high-AoA/Re case needs documented physical review
lhs_067,lhs,batch_003,13.2082448408,4585734.38708,runs/lhs_067,snapshots/lhs_067.npz,,,not_generated,review,review,true,true,true,true,true,true,0ccfab5fbc31c783f8dc86b40ac9175bc9fe2f7a7c32bf250bc5c9ede72b35eb,exclude,,qc/parametric_summary.csv,Pending human disposition; automated phase2-v1 warning: Cm drift unavailable or exceeds 5.0%,review,"exclusion record requires decision=exclude plus reviewer, evidence, and notes | export manifest is not usable | QC did not certify usable solver output"
lhs_068,lhs,batch_003,8.93081992557,3776733.05463,runs/lhs_068,snapshots/lhs_068.npz,,,not_generated,usable,usable,true,true,true,true,true,true,1f362c4ad6f767881c87f15ae47f9531bfd2c261dc93b7801acd170a12c44de1,,,,,usable,
lhs_069,lhs,batch_003,10.3843584683,6336964.36532,runs/lhs_069,snapshots/lhs_069.npz,,,not_generated,usable,usable,true,true,true,true,true,true,ad99edf798bb44c23963f63d4339dc239b69e8b3edbf792a5d838234aa350278,,,,,usable,
lhs_070,lhs,batch_003,-2.25994412862,5172580.46475,runs/lhs_070,snapshots/lhs_070.npz,,,not_generated,usable,usable,true,true,true,true,true,true,b28f3c88dd5cddd9156d5d3b0c6f5b013fe22a8a60942a62dfe047ddb4347c00,,,,,usable,
lhs_071,lhs,batch_003,15.9532186667,7305526.29565,runs/lhs_071,snapshots/lhs_071.npz,high_aoa,,not_generated,usable,usable,true,true,true,true,true,true,6a9b010653e8746b13c5cae4c30adb727d4de1513da717b7d7af1e84eea711f1,,,,,review,high-AoA/Re case needs documented physical review
lhs_072,lhs,batch_003,1.07808472862,7427772.84892,runs/lhs_072,snapshots/lhs_072.npz,,,not_generated,usable,usable,true,true,true,true,true,true,e30c0935e3598c7c6af143e32e594d530b46ffff2e5936eaf50aba3487925af6,,,,,usable,
lhs_073,lhs,batch_003,6.28917634129,4166345.57847,runs/lhs_073,snapshots/lhs_073.npz,,,not_generated,usable,usable,true,true,true,true,true,true,6ade2881cc022919625d54ecd682dd64a871ad19c95209d74322355e2d66d5c9,,,,,usable,
lhs_074,lhs,batch_003,5.73158961384,3612621.19074,runs/lhs_074,snapshots/lhs_074.npz,,,not_generated,usable,usable,true,true,true,true,true,true,6dcd1f15852f82a7fc40d91152fbad141c2fae4acf5a0115c14ee11f4f782e9d,,,,,usable,
lhs_075,lhs,batch_004,6.3713994062,3276021.3536,runs/lhs_075,snapshots/lhs_075.npz,,,not_generated,usable,usable,true,true,true,true,true,true,8dab83e13d76f0e4cd13b4ba68db6c188f606a751c76af9f29edf44d961c62b8,,,,,usable,
lhs_076,lhs,batch_004,4.63403791596,3568283.47458,runs/lhs_076,snapshots/lhs_076.npz,,,not_generated,usable,usable,true,true,true,true,true,true,bda5cde8f0b8ba4628f931787954046921a7750d12a9633ea215620a50758064,,,,,usable,
lhs_077,lhs,batch_004,2.02431172584,5429137.07422,runs/lhs_077,snapshots/lhs_077.npz,,,not_generated,usable,usable,true,true,true,true,true,true,1a8a96e940b4d9a32921e9b391300a1b281b0571726626d9ac258fa4c6f4cc74,,,,,usable,
lhs_078,lhs,batch_004,11.8235301567,3044114.47271,runs/lhs_078,snapshots/lhs_078.npz,,,not_generated,usable,usable,true,true,true,true,true,true,24860c222644bf82e07c27e4511166eae300b155cb56ca925eaaca291d8dee6f,,,,,usable,
lhs_079,lhs,batch_004,4.10455015026,6726489.55251,runs/lhs_079,snapshots/lhs_079.npz,,,not_generated,usable,usable,true,true,true,true,true,true,16f3800905bead92946cdc27784ba2de0ec5acbff1462815f58b59e442c27270,,,,,usable,
lhs_080,lhs,batch_004,12.6632801718,8923232.03116,runs/lhs_080,snapshots/lhs_080.npz,high_re,,not_generated,usable,usable,true,true,true,true,true,true,944d71fcc9091b182c3e5543fd291c357cb3afaf681128425f2d87966641a0ca,,,,,review,high-AoA/Re case needs documented physical review
lhs_081,lhs,batch_004,0.480579666974,8720107.36423,runs/lhs_081,snapshots/lhs_081.npz,high_re,,not_generated,usable,usable,true,true,true,true,true,true,0dc3bb0de2d758f0f9796148b7845dafde963a58155964ede1c845d1f42c3dff,,,,,review,high-AoA/Re case needs documented physical review
lhs_082,lhs,batch_004,13.172954642,5052789.74638,runs/lhs_082,snapshots/lhs_082.npz,,,not_generated,usable,usable,true,true,true,true,true,true,dcd103e167180e17b32ddcabd46792651fccce4617154c99b49045b3efa64314,,,,,usable,
lhs_083,lhs,batch_004,2.80307985306,3667527.76819,runs/lhs_083,snapshots/lhs_083.npz,,,not_generated,usable,usable,true,true,true,true,true,true,222edba3b167d7d7d5eeb680b61029c2272d1735311f668e931703ec18066e48,,,,,usable,
lhs_084,lhs,batch_004,13.7467663765,7784721.99955,runs/lhs_084,snapshots/lhs_084.npz,,,not_generated,usable,usable,true,true,true,true,true,true,cd9d3370ebe10949f1775deda7473e1d2c495710505c0366de5b5996eda21f6c,,,,,usable,
lhs_085,lhs,batch_004,9.35122512767,4072720.31382,runs/lhs_085,snapshots/lhs_085.npz,,,not_generated,usable,usable,true,true,true,true,true,true,66c9a1d0e82ad5ed467f2642155258d3ccb36d1028e4dd0037e01b0f929fab1b,,,,,usable,
lhs_086,lhs,batch_004,1.73005234425,6816320.22708,runs/lhs_086,snapshots/lhs_086.npz,,,not_generated,usable,usable,true,true,true,true,true,true,3a479817a900b49dd7d410d6625118aff9990479cafa9124c0f9ba1f47e84524,,,,,usable,
lhs_087,lhs,batch_004,12.4724903297,5291689.78852,runs/lhs_087,snapshots/lhs_087.npz,,,not_generated,review,review,true,true,true,true,true,true,6fe52884996afe10052c703e6d8e149bc89961593927c842b9d7c19023d41874,exclude,,qc/parametric_summary.csv,Pending human disposition; automated phase2-v1 warning: Cm drift unavailable or exceeds 5.0%,review,"exclusion record requires decision=exclude plus reviewer, evidence, and notes | export manifest is not usable | QC did not certify usable solver output"
lhs_088,lhs,batch_004,10.0988230449,4442299.30852,runs/lhs_088,snapshots/lhs_088.npz,,,not_generated,usable,usable,true,true,true,true,true,true,b55c83713a611f6ee818fc398d81eefc9f19f9be4ffbea969abf80a5abde4005,,,,,usable,
lhs_089,lhs,batch_004,5.13490263484,6636263.97502,runs/lhs_089,snapshots/lhs_089.npz,,,not_generated,usable,usable,true,true,true,true,true,true,83db4a46f8f15030c4df6c80dbc213e49134a2188a9589fb9741c4e148dda288,,,,,usable,
lhs_090,lhs,batch_004,5.97740389132,4881952.32098,runs/lhs_090,snapshots/lhs_090.npz,,,not_generated,usable,usable,true,true,true,true,true,true,5dd3470058e6ec327901bf34a7c645f5386cb6a26b15d02680c845a67fdf036a,,,,,usable,
lhs_091,lhs,batch_004,10.6763375893,8563970.32111,runs/lhs_091,snapshots/lhs_091.npz,high_re,,not_generated,usable,usable,true,true,true,true,true,true,27132fcf6aca96045492a8b11f9eddfd1ca786f035bb6e863b4d2ccbd2ae8472,,,,,review,high-AoA/Re case needs documented physical review
lhs_092,lhs,batch_004,-2.81781972583,3428092.4838,runs/lhs_092,snapshots/lhs_092.npz,,,not_generated,usable,usable,true,true,true,true,true,true,d5aa701ec198b7175dfc4acfecb66592dde2c2a18c8919256dfa9927741eb76f,,,,,usable,
