case_id,role,batch_id,aoa_deg,re,source_case,snapshot,risk_flag,manual_review,inventory_status,export_status,qc_status,source_run_present,solver_log_end,final_fields_present,force_history_present,source_setup_verified,export_verified,snapshot_sha256,decision,reasons
anchor_aoa_0,anchor,batch_000,0,6000000,../aoaVariation/runs/aoa_0,snapshots/anchor_aoa_0.npz,,,external_anchor,usable,,false,,,,,true,18556f2e17b550fb1a7436ded57dbe068ea7871dd6f4457e7a919ed76e9d77f2,review,production source run unavailable locally | phase2 QC summary unavailable
anchor_aoa_10,anchor,batch_000,10,6000000,../aoaVariation/runs/aoa_10,snapshots/anchor_aoa_10.npz,,,external_anchor,usable,,false,,,,,true,97b064f7a2aa68acdd63be69412e9dd1b061b9d16f514e90cfb9c3f83008edb5,review,production source run unavailable locally | phase2 QC summary unavailable
anchor_aoa_12,anchor,batch_000,12,6000000,../aoaVariation/runs/aoa_12,snapshots/anchor_aoa_12.npz,,,external_anchor,usable,,false,,,,,true,8a5369ff4597b8fe585c95d67d62d2650e9bbe73674836b394d65e712dfc5a01,review,production source run unavailable locally | phase2 QC summary unavailable
anchor_aoa_14,anchor,batch_000,14,6000000,../aoaVariation/runs/aoa_14,snapshots/anchor_aoa_14.npz,high_aoa,,external_anchor,usable,,false,,,,,true,bf31f51b024f70294c39680372573bc57b175932fa4065a7896dc5ed88566c27,review,high-AoA/Re case needs documented physical review | production source run unavailable locally | phase2 QC summary unavailable
anchor_aoa_15,anchor,batch_000,15,6000000,../aoaVariation/runs/aoa_15,snapshots/anchor_aoa_15.npz,high_aoa,,external_anchor,usable,,false,,,,,true,67e47c7956ed37152d19555acb042f7b42c9e6082620a666b48777164802bfec,review,high-AoA/Re case needs documented physical review | production source run unavailable locally | phase2 QC summary unavailable
anchor_aoa_4,anchor,batch_000,4,6000000,../aoaVariation/runs/aoa_4,snapshots/anchor_aoa_4.npz,,,external_anchor,usable,,false,,,,,true,cd30c01da6912440fe8ae00b7d0c55a51fbb609754b81076ea597314bfbf2fee,review,production source run unavailable locally | phase2 QC summary unavailable
anchor_aoa_8,anchor,batch_000,8,6000000,../aoaVariation/runs/aoa_8,snapshots/anchor_aoa_8.npz,,,external_anchor,usable,,false,,,,,true,8dbcb2ccffe33e92547f22d3c0930c1a26b02b951737b631ec6cd9959656326e,review,production source run unavailable locally | phase2 QC summary unavailable
lhs_000,lhs,batch_001,-2.69985587516,5609729.72155,runs/lhs_000,snapshots/lhs_000.npz,,,not_generated,usable,,false,,,,,true,764eea2f4a18ec2d822a0c02566869450b9c24be0ba5075cadd687b197be5bb9,review,production source run unavailable locally | phase2 QC summary unavailable
lhs_001,lhs,batch_001,11.5441733601,8810629.42407,runs/lhs_001,snapshots/lhs_001.npz,high_re,,not_generated,usable,,false,,,,,true,6f39faec89e97174d1a785f0186d81d689236de2d9270e25e9db9c6dd64d3deb,review,high-AoA/Re case needs documented physical review | production source run unavailable locally | phase2 QC summary unavailable
lhs_002,lhs,batch_001,-0.242450350026,4776842.09841,runs/lhs_002,snapshots/lhs_002.npz,,,not_generated,usable,,false,,,,,true,31f762e454e62434b47197ac2ce6b6ae8caf24a935d15d2fb20c40bc08f7d8d6,review,production source run unavailable locally | phase2 QC summary unavailable
lhs_003,lhs,batch_001,15.246014215,3937620.66456,runs/lhs_003,snapshots/lhs_003.npz,high_aoa,,not_generated,usable,,false,,,,,true,ac16aa3870cc2dc6c3421a573095c5e2b3d89f9b573063b486748dc761764bfd,review,high-AoA/Re case needs documented physical review | production source run unavailable locally | phase2 QC summary unavailable
lhs_004,lhs,batch_001,13.4458572319,4105183.67901,runs/lhs_004,snapshots/lhs_004.npz,,,not_generated,usable,,false,,,,,true,1ef2ed71f91b9a02f8490b0bfc6a414d9f360abdf9eb154162187f74b5614658,review,production source run unavailable locally | phase2 QC summary unavailable
lhs_005,lhs,batch_001,0.83504579777,6178932.92481,runs/lhs_005,snapshots/lhs_005.npz,,,not_generated,usable,,false,,,,,true,1ea8ffc7337c8af131b14544a682e3ad93e7b96cd3f917a9573c7cc1404076b1,review,production source run unavailable locally | phase2 QC summary unavailable
lhs_006,lhs,batch_001,9.16872014865,6146475.1365,runs/lhs_006,snapshots/lhs_006.npz,,,not_generated,usable,,false,,,,,true,2c7cd9ceab65217357c0af745be54596214af1ffba55d29aa269130e4e4f4461,review,production source run unavailable locally | phase2 QC summary unavailable
lhs_007,lhs,batch_001,15.6508351893,6493313.93953,runs/lhs_007,snapshots/lhs_007.npz,high_aoa,,not_generated,usable,,false,,,,,true,a89ffda7f8e6c1a5ae3df72ed2ab42398bc8897feee8a6784ea1ed76afe765e6,review,high-AoA/Re case needs documented physical review | production source run unavailable locally | phase2 QC summary unavailable
lhs_008,lhs,batch_001,4.55360915309,8025966.97573,runs/lhs_008,snapshots/lhs_008.npz,high_re,,not_generated,usable,,false,,,,,true,a1f2e779a618e76ce46e0a779b1c13a0436629d2020ecadf95e724cf31e0510e,review,high-AoA/Re case needs documented physical review | production source run unavailable locally | phase2 QC summary unavailable
lhs_009,lhs,batch_001,-3.04032140369,7148144.70128,runs/lhs_009,snapshots/lhs_009.npz,,,not_generated,usable,,false,,,,,true,b96c2898218bd5aaad0e18713b3c88737d90db1762b7f0cbc415964bc5fd4192,review,production source run unavailable locally | phase2 QC summary unavailable
lhs_010,lhs,batch_001,3.83547235581,7033849.49323,runs/lhs_010,snapshots/lhs_010.npz,,,not_generated,usable,,false,,,,,true,1cd1ef6ca12a4d1892b40126a95489275ddba0f5760c434b9076d7133a343b56,review,production source run unavailable locally | phase2 QC summary unavailable
lhs_011,lhs,batch_001,3.36698898893,5242600.29006,runs/lhs_011,snapshots/lhs_011.npz,,,not_generated,usable,,false,,,,,true,1570bab488fd15839897cb935ba830a3be5ad3b6a9283416a8635776de89b85b,review,production source run unavailable locally | phase2 QC summary unavailable
lhs_012,lhs,batch_001,6.79602561829,3226732.84625,runs/lhs_012,snapshots/lhs_012.npz,,,not_generated,usable,,false,,,,,true,c1f4b2fa28b51953513827c259fd627cc1ad912932b17085c2ac035a4690a9db,review,production source run unavailable locally | phase2 QC summary unavailable
lhs_013,lhs,batch_001,12.7949644268,6299182.67509,runs/lhs_013,snapshots/lhs_013.npz,,,not_generated,usable,,false,,,,,true,3bdb24f6ed8fa652bf169a6c9262059cd84eb2bc88f1130146b2403a07196bcc,review,production source run unavailable locally | phase2 QC summary unavailable
lhs_014,lhs,batch_001,7.14750915513,5833043.33615,runs/lhs_014,snapshots/lhs_014.npz,,,not_generated,usable,,false,,,,,true,40f98b1e7ff7e502d914f5f04641fe7aca20a4207c2ebd416810b21920e90ee6,review,production source run unavailable locally | phase2 QC summary unavailable
lhs_015,lhs,batch_001,14.1756066881,6866978.83661,runs/lhs_015,snapshots/lhs_015.npz,high_aoa,,not_generated,usable,,false,,,,,true,821d367fb46f800a3e7b06abd7f2314ab24e07120a8b7f39a250b2c69d6a0ceb,review,high-AoA/Re case needs documented physical review | production source run unavailable locally | phase2 QC summary unavailable
lhs_016,lhs,batch_001,1.47367109421,7932471.96168,runs/lhs_016,snapshots/lhs_016.npz,,,not_generated,usable,,false,,,,,true,e88e59efc078e39961b23b56a4566ef1cf0824166b8950d5aad4a7ee92cccf90,review,production source run unavailable locally | phase2 QC summary unavailable
lhs_017,lhs,batch_001,-0.619791171779,5783889.98216,runs/lhs_017,snapshots/lhs_017.npz,,,not_generated,usable,,false,,,,,true,eb286204298d348fcd74b8fcfec5b4bca234a04eff7787470395ad906c8e69e6,review,production source run unavailable locally | phase2 QC summary unavailable
lhs_018,lhs,batch_001,10.9689264739,3389855.61288,runs/lhs_018,snapshots/lhs_018.npz,,,not_generated,usable,,false,,,,,true,a9c1ac09e923fa14433831572dc8b7252c2c3157baf2a0d58e7e5d4ac57a1531,review,production source run unavailable locally | phase2 QC summary unavailable
lhs_019,lhs,batch_001,11.2730823518,5502815.36222,runs/lhs_019,snapshots/lhs_019.npz,,,not_generated,usable,,false,,,,,true,da76535a808aafdd6183de228c1a2ea0dcc122001d536478e5aa94acfdca189b,review,production source run unavailable locally | phase2 QC summary unavailable
lhs_020,lhs,batch_001,-3.42787319028,7628036.19663,runs/lhs_020,snapshots/lhs_020.npz,,,not_generated,usable,,false,,,,,true,06b860bd854eb8ef0f0e5a6bd50ff899972f700a712361dedf6d0f37eaa618ab,review,production source run unavailable locally | phase2 QC summary unavailable
lhs_021,lhs,batch_001,-1.66181287351,3634431.29505,runs/lhs_021,snapshots/lhs_021.npz,,,not_generated,usable,,false,,,,,true,b749d928397a5b0b70f2a145da8799fb8d96cac7c139a680e20b11adab9b204a,review,production source run unavailable locally | phase2 QC summary unavailable
lhs_022,lhs,batch_001,8.56727682649,3862239.17261,runs/lhs_022,snapshots/lhs_022.npz,,,not_generated,usable,,false,,,,,true,50f4a8d056c4a75582aa6e9c537ab6688c825adfc61fb2de3d13d4dfc472b646,review,production source run unavailable locally | phase2 QC summary unavailable
lhs_023,lhs,batch_001,1.26731768193,8433037.68518,runs/lhs_023,snapshots/lhs_023.npz,high_re,,not_generated,usable,,false,,,,,true,58fe0f9f61c110df3efbbfde7134a8832638b840ba06bcedb1bfd71317c40ae4,review,high-AoA/Re case needs documented physical review | production source run unavailable locally | phase2 QC summary unavailable
lhs_024,lhs,batch_001,11.1239363635,5610931.3713,runs/lhs_024,snapshots/lhs_024.npz,,,not_generated,usable,,false,,,,,true,7c49626d028a50e36f0e4465bf4a69358d883d501775a0c5222bbd5ad99035b8,review,production source run unavailable locally | phase2 QC summary unavailable
lhs_025,lhs,batch_002,7.8638768268,7522037.06288,runs/lhs_025,snapshots/lhs_025.npz,,,not_generated,usable,,false,,,,,true,f811237d7433a22d927765c836458ce337f347a817e331c40e4b88be7ab1cae9,review,production source run unavailable locally | phase2 QC summary unavailable
lhs_026,lhs,batch_002,2.66308583188,7849183.47578,runs/lhs_026,snapshots/lhs_026.npz,,,not_generated,usable,,false,,,,,true,d42427af1dbfdf1f9230cf7ff1727b78c3cbd347634f482f93eb6c1fdd4862fe,review,production source run unavailable locally | phase2 QC summary unavailable
lhs_027,lhs,batch_002,8.19131206635,4516158.82605,runs/lhs_027,snapshots/lhs_027.npz,,,not_generated,usable,,false,,,,,true,ebfb2fc3295d5fcb23ae961cb097c2ca00962dee6a044d819ffba18a4780fa20,review,production source run unavailable locally | phase2 QC summary unavailable
lhs_028,lhs,batch_002,6.62376444082,3004570.54736,runs/lhs_028,snapshots/lhs_028.npz,,,not_generated,usable,,false,,,,,true,79807f19e96a4a9b15fca52ca3fc10c1b598bbf9b639d803ff91f1956d7a75fd,review,production source run unavailable locally | phase2 QC summary unavailable
lhs_029,lhs,batch_002,3.56230589379,3085961.91178,runs/lhs_029,snapshots/lhs_029.npz,,,not_generated,usable,,false,,,,,true,6be1fb4625bc634d1a78cc94f67fb7fb77ed89ad8b24e41f123cc1a0490c1748,review,production source run unavailable locally | phase2 QC summary unavailable
lhs_030,lhs,batch_002,4.95224986117,4372851.65281,runs/lhs_030,snapshots/lhs_030.npz,,,not_generated,usable,,false,,,,,true,ca9c7617fab8c34feaa64985ae429e3d3db517741af4734800facc64bbabf399,review,production source run unavailable locally | phase2 QC summary unavailable
lhs_031,lhs,batch_002,-3.66563310422,3150602.45961,runs/lhs_031,snapshots/lhs_031.npz,,,not_generated,usable,,false,,,,,true,060ef68ad9127f672a21c7f4d2f4bdf62f5bd0ab49053158fc7d5687f3a8d085,review,production source run unavailable locally | phase2 QC summary unavailable
lhs_032,lhs,batch_002,14.8581041813,4655539.51084,runs/lhs_032,snapshots/lhs_032.npz,high_aoa,,not_generated,usable,,false,,,,,true,47186c4aabe063173dd2df276908d04aa896cdf55e7a2ada436365e705290f84,review,high-AoA/Re case needs documented physical review | production source run unavailable locally | phase2 QC summary unavailable
lhs_033,lhs,batch_002,3.21142737961,3895579.92897,runs/lhs_033,snapshots/lhs_033.npz,,,not_generated,usable,,false,,,,,true,1a209dd4257aa434690f934a9ff0534c2ec94ce33630ff88a84005dd36fae15e,review,production source run unavailable locally | phase2 QC summary unavailable
lhs_034,lhs,batch_002,5.30219675688,3189642.01094,runs/lhs_034,snapshots/lhs_034.npz,,,not_generated,usable,,false,,,,,true,c50240beefb9b4f58780cda9d7ce939915519465430e16491b0724a112b19a90,review,production source run unavailable locally | phase2 QC summary unavailable
lhs_035,lhs,batch_002,8.81207053673,4211396.55599,runs/lhs_035,snapshots/lhs_035.npz,,,not_generated,usable,,false,,,,,true,a105b0b436684e660fe57204405b8e4f4813bcc03e0d26cfd933b4bcbd0fc841,review,production source run unavailable locally | phase2 QC summary unavailable
lhs_036,lhs,batch_002,9.95974315741,5367900.55149,runs/lhs_036,snapshots/lhs_036.npz,,,not_generated,usable,,false,,,,,true,694501ccea1cc71a6b939f89e88da9c357b0703604305001c352c8d004196a48,review,production source run unavailable locally | phase2 QC summary unavailable
lhs_037,lhs,batch_002,-1.86137873943,3373027.92381,runs/lhs_037,snapshots/lhs_037.npz,,,not_generated,usable,,false,,,,,true,614ad8a6983b0092c667ccf693b9de44724e1de7754dcc15be0171e5c3260722,review,production source run unavailable locally | phase2 QC summary unavailable
lhs_038,lhs,batch_002,9.65388632159,3318431.38089,runs/lhs_038,snapshots/lhs_038.npz,,,not_generated,usable,,false,,,,,true,a9a7eca513fb8ffb3d99cbab42a6df4407a84062878d587250396665bee91217,review,production source run unavailable locally | phase2 QC summary unavailable
lhs_039,lhs,batch_002,15.394328747,4392370.9151,runs/lhs_039,snapshots/lhs_039.npz,high_aoa,,not_generated,usable,,false,,,,,true,2ff638db0599125665d7d6520528c1ef40afeff0a1ddb90ae1ad19c555f7d0ee,review,high-AoA/Re case needs documented physical review | production source run unavailable locally | phase2 QC summary unavailable
lhs_040,lhs,batch_002,13.9347601919,6607637.59333,runs/lhs_040,snapshots/lhs_040.npz,,,not_generated,usable,,false,,,,,true,69bc5e802d23d87574fbfd1871b6d71bfc9c9fda7725a68283c9ccd2157a5489,review,production source run unavailable locally | phase2 QC summary unavailable
lhs_041,lhs,batch_002,11.9760572508,4974923.56995,runs/lhs_041,snapshots/lhs_041.npz,,,not_generated,usable,,false,,,,,true,1c09d406cf17c20c2e80eddce74b549b2f221e33c9f83d5b3acaa46134922825,review,production source run unavailable locally | phase2 QC summary unavailable
lhs_042,lhs,batch_002,4.3097890654,3522586.57776,runs/lhs_042,snapshots/lhs_042.npz,,,not_generated,usable,,false,,,,,true,d25882c57a5b6ddf0ee6d2ebbf449e86e8b9236ae898a095de7e50e47fd221f4,review,production source run unavailable locally | phase2 QC summary unavailable
lhs_043,lhs,batch_002,-0.890548608057,5116362.99635,runs/lhs_043,snapshots/lhs_043.npz,,,not_generated,usable,,false,,,,,true,6f11dc8845e0f754b60c2d810c25cffa23597ed6e3845b46a0796225adb0a74c,review,production source run unavailable locally | phase2 QC summary unavailable
lhs_044,lhs,batch_002,5.64572611356,4266412.05691,runs/lhs_044,snapshots/lhs_044.npz,,,not_generated,usable,,false,,,,,true,d7f201ab271095074df057119c1d82995ffde2f4387c04f1ae58673ded2de3d8,review,production source run unavailable locally | phase2 QC summary unavailable
lhs_045,lhs,batch_002,12.166634714,8220793.27838,runs/lhs_045,snapshots/lhs_045.npz,high_re,,not_generated,usable,,false,,,,,true,8e38f2818e823872d975456b398fd851d03051b45e1144ac4d77929e1a8ac43e,review,high-AoA/Re case needs documented physical review | production source run unavailable locally | phase2 QC summary unavailable
lhs_046,lhs,batch_002,-1.07695713991,7684678.44008,runs/lhs_046,snapshots/lhs_046.npz,,,not_generated,usable,,false,,,,,true,b6687d316cf54929582fda5679ef87659315af67082060b60a3acbd3b141f21a,review,production source run unavailable locally | phase2 QC summary unavailable
lhs_047,lhs,batch_002,-1.23294996149,4630047.35449,runs/lhs_047,snapshots/lhs_047.npz,,,not_generated,usable,,false,,,,,true,e0923ea4f36f6458f079d535ff23346604923dec818ad9a36d8f0f294259fd15,review,production source run unavailable locally | phase2 QC summary unavailable
lhs_048,lhs,batch_002,2.33985613442,3809738.55441,runs/lhs_048,snapshots/lhs_048.npz,,,not_generated,usable,,false,,,,,true,4bd8dcf868ce35be469d32d17dbead281c18a7a9df27876f632ec962b5185a9e,review,production source run unavailable locally | phase2 QC summary unavailable
lhs_049,lhs,batch_002,8.28409052851,5720137.24115,runs/lhs_049,snapshots/lhs_049.npz,,,not_generated,usable,,false,,,,,true,b2b0195458d43105a85af8e9b8b9fac2797908f3d13fb935af3c4aaea475b0e6,review,production source run unavailable locally | phase2 QC summary unavailable
lhs_050,lhs,batch_003,-3.29700590374,7216387.68227,runs/lhs_050,snapshots/lhs_050.npz,,,not_generated,usable,,false,,,,,true,ec84390f13932ba69f933a797849337c7e1bb010fd9da0154cff163c19987570,review,production source run unavailable locally | phase2 QC summary unavailable
lhs_051,lhs,batch_003,10.5974547788,3991311.86289,runs/lhs_051,snapshots/lhs_051.npz,,,not_generated,usable,,false,,,,,true,32c1303048d357939df2020f3b159a66d5e1e1f523161b7159c65ad209c40b64,review,production source run unavailable locally | phase2 QC summary unavailable
lhs_052,lhs,batch_003,0.231242801373,6457988.02367,runs/lhs_052,snapshots/lhs_052.npz,,,not_generated,usable,,false,,,,,true,b7ea531ca3dde733c3d4cbbc56917e44bc47ec1da7b5a4c38e352f3fbda012b9,review,production source run unavailable locally | phase2 QC summary unavailable
lhs_053,lhs,batch_003,-0.378458956051,6958072.08785,runs/lhs_053,snapshots/lhs_053.npz,,,not_generated,usable,,false,,,,,true,c1042890d941eee652632f23db675a8e95130c951171458512fea53013786551,review,production source run unavailable locally | phase2 QC summary unavailable
lhs_054,lhs,batch_003,0.572359277312,6028351.17155,runs/lhs_054,snapshots/lhs_054.npz,,,not_generated,usable,,false,,,,,true,cb2e2dd47cb47661968baed0dd33f25b32d8a545d3d1b0f22c64c489421dea2b,review,production source run unavailable locally | phase2 QC summary unavailable
lhs_055,lhs,batch_003,14.6868265821,3743894.44926,runs/lhs_055,snapshots/lhs_055.npz,high_aoa,,not_generated,usable,,false,,,,,true,2800093546224c03fc3a28b0d139fc426ddad0e81e76588cd9937009b2b56240,review,high-AoA/Re case needs documented physical review | production source run unavailable locally | phase2 QC summary unavailable
lhs_056,lhs,batch_003,0.0124009029685,5995727.85598,runs/lhs_056,snapshots/lhs_056.npz,,,not_generated,usable,,false,,,,,true,58b473f5050b1d2571620fa0d437f2dfaff697ca8c6a9523afc34edafe13be51,review,production source run unavailable locally | phase2 QC summary unavailable
lhs_057,lhs,batch_003,15.1371508483,8148903.87353,runs/lhs_057,snapshots/lhs_057.npz,high_aoa+high_re,,not_generated,usable,,false,,,,,true,243d8d7a1e973001f0741801909f9b9c09a7763ac9ebba363f266976c801b40d,review,high-AoA/Re case needs documented physical review | production source run unavailable locally | phase2 QC summary unavailable
lhs_058,lhs,batch_003,7.36982888304,4705030.65369,runs/lhs_058,snapshots/lhs_058.npz,,,not_generated,usable,,false,,,,,true,4b4e222580e896e0a005d249238b7111940d6305c85c023148f1c2f91cf19326,review,production source run unavailable locally | phase2 QC summary unavailable
lhs_059,lhs,batch_003,7.56910169576,8631253.13784,runs/lhs_059,snapshots/lhs_059.npz,high_re,,not_generated,usable,,false,,,,,true,58ddadb4d333a427c37cedb7ee4a14b834bc8c43b59d010d09949ee52c5e5424,review,high-AoA/Re case needs documented physical review | production source run unavailable locally | phase2 QC summary unavailable
lhs_060,lhs,batch_003,1.94494870938,4321696.20532,runs/lhs_060,snapshots/lhs_060.npz,,,not_generated,usable,,false,,,,,true,9fb9581bda70c582e30144b187bb29006d8f420bd87fd415ea8d5540d7d975c9,review,production source run unavailable locally | phase2 QC summary unavailable
lhs_061,lhs,batch_003,-2.3792392676,8326946.66945,runs/lhs_061,snapshots/lhs_061.npz,high_re,,not_generated,usable,,false,,,,,true,f035c676a1daf3db739c1d328ca6c7d66aebbfbb203fbc4b87c91a471f454e0b,review,high-AoA/Re case needs documented physical review | production source run unavailable locally | phase2 QC summary unavailable
lhs_062,lhs,batch_003,7.63762813553,3129380.48458,runs/lhs_062,snapshots/lhs_062.npz,,,not_generated,usable,,false,,,,,true,98b5b99997b8ad454304cdcec59b7d0052818fc148c76fc97801ebce73829871,review,production source run unavailable locally | phase2 QC summary unavailable
lhs_063,lhs,batch_003,-1.54036299036,4844957.27246,runs/lhs_063,snapshots/lhs_063.npz,,,not_generated,usable,,false,,,,,true,dcc8d3b6815a9db48dacb41cf6cb0b00ddc4e081de74916fcce348fabbf5e8f9,review,production source run unavailable locally | phase2 QC summary unavailable
lhs_064,lhs,batch_003,2.954267504,4993804.45061,runs/lhs_064,snapshots/lhs_064.npz,,,not_generated,usable,,false,,,,,true,e6854f5258e382bbea86b4aa4883adfaa41a9f73f63dee9e7cce1a729c9e1b8f,review,production source run unavailable locally | phase2 QC summary unavailable
lhs_065,lhs,batch_003,-3.82185799829,5927061.92286,runs/lhs_065,snapshots/lhs_065.npz,,,not_generated,usable,,false,,,,,true,8a191bfc8aef81be4beac937b9d51011ac41ff29b9e37528478701bd0e134304,review,production source run unavailable locally | phase2 QC summary unavailable
lhs_066,lhs,batch_003,14.4354753584,3485519.1418,runs/lhs_066,snapshots/lhs_066.npz,high_aoa,,not_generated,usable,,false,,,,,true,24f30fe7574b2b6c0ae20e7cdf16e9a0e8bdd923b555610780f23050bbe8fa5d,review,high-AoA/Re case needs documented physical review | production source run unavailable locally | phase2 QC summary unavailable
lhs_067,lhs,batch_003,13.2082448408,4585734.38708,runs/lhs_067,snapshots/lhs_067.npz,,,not_generated,usable,,false,,,,,true,af52f145ec0b50becfa96719a78607709c9b17b060528e4a69ec184563b8bd23,review,production source run unavailable locally | phase2 QC summary unavailable
lhs_068,lhs,batch_003,8.93081992557,3776733.05463,runs/lhs_068,snapshots/lhs_068.npz,,,not_generated,usable,,false,,,,,true,590760dfa14b4db4bbc1d33b4c29cf5be9aeeae4b9baa2b7ed430a0d7c2f84db,review,production source run unavailable locally | phase2 QC summary unavailable
lhs_069,lhs,batch_003,10.3843584683,6336964.36532,runs/lhs_069,snapshots/lhs_069.npz,,,not_generated,usable,,false,,,,,true,ab0b037b43e714deebae8ef1db314d86dba982f4c0f999309d163aea267512ef,review,production source run unavailable locally | phase2 QC summary unavailable
lhs_070,lhs,batch_003,-2.25994412862,5172580.46475,runs/lhs_070,snapshots/lhs_070.npz,,,not_generated,usable,,false,,,,,true,d64bd7b5586f3604cb82001a6e8c66719937f763bc53c15e591042393bdca2b0,review,production source run unavailable locally | phase2 QC summary unavailable
lhs_071,lhs,batch_003,15.9532186667,7305526.29565,runs/lhs_071,snapshots/lhs_071.npz,high_aoa,,not_generated,usable,,false,,,,,true,f699c8dd9109c031aec6922b49f1468bb408e715632c63e1b860dd019a759bbf,review,high-AoA/Re case needs documented physical review | production source run unavailable locally | phase2 QC summary unavailable
lhs_072,lhs,batch_003,1.07808472862,7427772.84892,runs/lhs_072,snapshots/lhs_072.npz,,,not_generated,usable,,false,,,,,true,377fbe930ae09541ece150102ac84fd1b427db27ecaef22e5e2e71f69f76e359,review,production source run unavailable locally | phase2 QC summary unavailable
lhs_073,lhs,batch_003,6.28917634129,4166345.57847,runs/lhs_073,snapshots/lhs_073.npz,,,not_generated,usable,,false,,,,,true,f9f14a1cc6b5c81b9b0acc6fd83bf1bc4f0017ea7eaaed210b835e9777008e3c,review,production source run unavailable locally | phase2 QC summary unavailable
lhs_074,lhs,batch_003,5.73158961384,3612621.19074,runs/lhs_074,snapshots/lhs_074.npz,,,not_generated,usable,,false,,,,,true,7522bf1a25213adf771d05b4e19c032dce13062076c9103c1c8f1551977f7183,review,production source run unavailable locally | phase2 QC summary unavailable
lhs_075,lhs,batch_004,6.3713994062,3276021.3536,runs/lhs_075,snapshots/lhs_075.npz,,,not_generated,usable,,false,,,,,true,a7510ae5d367d30472ca68184c6f01df44c722bfcdf2d130cc74675564eac16c,review,production source run unavailable locally | phase2 QC summary unavailable
lhs_076,lhs,batch_004,4.63403791596,3568283.47458,runs/lhs_076,snapshots/lhs_076.npz,,,not_generated,usable,,false,,,,,true,891b5bfb47726fb91d26e7b529d271997823b12ad6557aabd6e838e7a4d14557,review,production source run unavailable locally | phase2 QC summary unavailable
lhs_077,lhs,batch_004,2.02431172584,5429137.07422,runs/lhs_077,snapshots/lhs_077.npz,,,not_generated,usable,,false,,,,,true,e88200ffc6b4d82d19bd9bf98cbb7f01f384acdadfeb38509f0d9c5df0d17a34,review,production source run unavailable locally | phase2 QC summary unavailable
lhs_078,lhs,batch_004,11.8235301567,3044114.47271,runs/lhs_078,snapshots/lhs_078.npz,,,not_generated,usable,,false,,,,,true,09cd5eccde199d084120a68836c396ad6a865c4840292dfd3fc03cb5e2983271,review,production source run unavailable locally | phase2 QC summary unavailable
lhs_079,lhs,batch_004,4.10455015026,6726489.55251,runs/lhs_079,snapshots/lhs_079.npz,,,not_generated,usable,,false,,,,,true,b53fe49ba9a9b4b7f09f3dd8d868377d98dfadb71fbf52f85d2f7d392e9102e8,review,production source run unavailable locally | phase2 QC summary unavailable
lhs_080,lhs,batch_004,12.6632801718,8923232.03116,runs/lhs_080,snapshots/lhs_080.npz,high_re,,not_generated,usable,,false,,,,,true,9d17beca3176c993568db2c7db292344950db725ee338dfe7980b6eaafc19522,review,high-AoA/Re case needs documented physical review | production source run unavailable locally | phase2 QC summary unavailable
lhs_081,lhs,batch_004,0.480579666974,8720107.36423,runs/lhs_081,snapshots/lhs_081.npz,high_re,,not_generated,usable,,false,,,,,true,0244232b967b62579cb13b69235879d7dbc711a97a21f63f5d501e15116bc325,review,high-AoA/Re case needs documented physical review | production source run unavailable locally | phase2 QC summary unavailable
lhs_082,lhs,batch_004,13.172954642,5052789.74638,runs/lhs_082,snapshots/lhs_082.npz,,,not_generated,usable,,false,,,,,true,faab11bb7130a59fbe1fbe8e0c1c4d8c733a9683e6dd35ca2a575179175902f5,review,production source run unavailable locally | phase2 QC summary unavailable
lhs_083,lhs,batch_004,2.80307985306,3667527.76819,runs/lhs_083,snapshots/lhs_083.npz,,,not_generated,usable,,false,,,,,true,2edd52f1e552a64e266ed19dcaf812d17bc270c80d375a9024df5f8cce4a8e82,review,production source run unavailable locally | phase2 QC summary unavailable
lhs_084,lhs,batch_004,13.7467663765,7784721.99955,runs/lhs_084,snapshots/lhs_084.npz,,,not_generated,usable,,false,,,,,true,f6f8eaeee8f13491e3969580dc8aa27474a181db29d5fa93c291548e42d31d2c,review,production source run unavailable locally | phase2 QC summary unavailable
lhs_085,lhs,batch_004,9.35122512767,4072720.31382,runs/lhs_085,snapshots/lhs_085.npz,,,not_generated,usable,,false,,,,,true,d0fbc179ab4c0f4a0f575bd2dc3252351e66da0abe96d1c0c84a6cfd17d0e706,review,production source run unavailable locally | phase2 QC summary unavailable
lhs_086,lhs,batch_004,1.73005234425,6816320.22708,runs/lhs_086,snapshots/lhs_086.npz,,,not_generated,usable,,false,,,,,true,103a26dc76fd41018ab9f42785514490c9110f498a7642183e6e098acae63bbf,review,production source run unavailable locally | phase2 QC summary unavailable
lhs_087,lhs,batch_004,12.4724903297,5291689.78852,runs/lhs_087,snapshots/lhs_087.npz,,,not_generated,usable,,false,,,,,true,3c2ae60c319e6559fe772c936714f017b5f9850b6b8914f8258c9af29283ef98,review,production source run unavailable locally | phase2 QC summary unavailable
lhs_088,lhs,batch_004,10.0988230449,4442299.30852,runs/lhs_088,snapshots/lhs_088.npz,,,not_generated,usable,,false,,,,,true,e95be99e359360e1316683b2db781cf4d4400f615a22a8af84c949a6fd62a54f,review,production source run unavailable locally | phase2 QC summary unavailable
lhs_089,lhs,batch_004,5.13490263484,6636263.97502,runs/lhs_089,snapshots/lhs_089.npz,,,not_generated,usable,,false,,,,,true,b731c28c849085e198550b4bde9b54c8a722990953354a8ee8033de7d06d20c2,review,production source run unavailable locally | phase2 QC summary unavailable
lhs_090,lhs,batch_004,5.97740389132,4881952.32098,runs/lhs_090,snapshots/lhs_090.npz,,,not_generated,usable,,false,,,,,true,65301343dcdd8124dcf4ac6900480cedeb5eca9010cf99fa8c67763d6cf39f8b,review,production source run unavailable locally | phase2 QC summary unavailable
lhs_091,lhs,batch_004,10.6763375893,8563970.32111,runs/lhs_091,snapshots/lhs_091.npz,high_re,,not_generated,usable,,false,,,,,true,63ce437d7ddd42a0c1b2c2334baa9fde06e88993bd33b00ea42ecbd29deb2b10,review,high-AoA/Re case needs documented physical review | production source run unavailable locally | phase2 QC summary unavailable
lhs_092,lhs,batch_004,-2.81781972583,3428092.4838,runs/lhs_092,snapshots/lhs_092.npz,,,not_generated,usable,,false,,,,,true,be27193899203da926b2c8b7e7252824e82386f7ba1f5766c8d5d5905f3eca57,review,production source run unavailable locally | phase2 QC summary unavailable
